city,aqi,co,no,no2,o3,so2,pm2_5,pm10,nh3,timestamp,unix,temperature,humidity,wind_speed,hour,weekday,month
Istanbul,2,134.25,0.07,4.74,97.04,4.03,6.33,7.61,3.69,2025-05-11 17:00:00+00:00,1746982800,13.72,45,6.4,17,6,5
Istanbul,2,140.05,0.0,6.37,89.06,4.09,7.48,9.01,4.08,2025-05-11 18:00:00+00:00,1746986400,13.72,45,6.4,18,6,5
Istanbul,2,142.44,0.0,7.17,76.78,3.25,8.17,9.91,4.4,2025-05-11 19:00:00+00:00,1746990000,13.72,45,6.4,19,6,5
Istanbul,2,144.57,0.0,7.63,63.95,2.42,8.91,10.88,5.85,2025-05-11 20:00:00+00:00,1746993600,13.72,45,6.4,20,6,5
Istanbul,1,144.98,0.0,7.74,55.96,2.17,9.98,12.14,8.52,2025-05-11 21:00:00+00:00,1746997200,13.72,45,6.4,21,6,5
Istanbul,2,144.06,0.0,7.55,52.03,2.35,11.28,13.6,12.6,2025-05-11 22:00:00+00:00,1747000800,13.72,45,6.4,22,6,5
Istanbul,2,143.16,0.0,7.3,49.81,2.63,12.58,15.02,16.03,2025-05-11 23:00:00+00:00,1747004400,13.72,45,6.4,23,6,5
Istanbul,2,142.09,0.0,7.22,48.01,2.98,13.69,16.22,18.86,2025-05-12 00:00:00+00:00,1747008000,13.72,45,6.4,0,0,5
Istanbul,2,141.47,0.0,7.29,47.07,3.38,14.85,17.46,21.32,2025-05-12 01:00:00+00:00,1747011600,13.72,45,6.4,1,0,5
Istanbul,2,141.48,0.0,7.38,45.92,3.59,16.02,18.71,23.52,2025-05-12 02:00:00+00:00,1747015200,13.72,45,6.4,2,0,5
Istanbul,2,141.68,0.0,7.5,43.82,3.59,16.96,19.75,24.86,2025-05-12 03:00:00+00:00,1747018800,13.72,45,6.4,3,0,5
Istanbul,2,142.45,0.05,8.2,40.2,3.39,17.44,20.35,23.28,2025-05-12 04:00:00+00:00,1747022400,13.72,45,6.4,4,0,5
Istanbul,2,144.4,0.7,8.42,36.11,2.96,17.46,20.5,19.66,2025-05-12 05:00:00+00:00,1747026000,13.72,45,6.4,5,0,5
Istanbul,2,145.43,2.09,7.03,34.5,2.77,17.52,20.57,16.33,2025-05-12 06:00:00+00:00,1747029600,13.72,45,6.4,6,0,5
Istanbul,2,142.4,1.03,6.46,67.2,5.58,17.5,19.25,3.81,2025-05-12 07:00:00+00:00,1747033200,13.72,45,6.4,7,0,5
Istanbul,2,137.18,1.14,5.33,74.84,5.46,14.22,15.64,2.79,2025-05-12 08:00:00+00:00,1747036800,13.72,45,6.4,8,0,5
Istanbul,2,134.7,1.29,4.63,82.09,5.85,12.73,14.0,2.54,2025-05-12 09:00:00+00:00,1747040400,13.72,45,6.4,9,0,5
Istanbul,2,124.98,0.53,2.11,98.03,3.41,6.71,7.37,1.5,2025-05-12 10:00:00+00:00,1747044000,13.72,45,6.4,10,0,5
Istanbul,3,120.5,0.25,1.2,103.89,2.38,4.58,4.99,1.09,2025-05-12 11:00:00+00:00,1747047600,13.72,45,6.4,11,0,5
Istanbul,3,119.23,0.2,1.06,106.91,2.36,4.09,4.42,0.95,2025-05-12 12:00:00+00:00,1747051200,13.72,45,6.4,12,0,5
Istanbul,3,120.22,0.2,1.11,110.04,2.61,3.98,4.3,0.9,2025-05-12 13:00:00+00:00,1747054800,13.72,45,6.4,13,0,5
Istanbul,3,122.05,0.23,1.34,112.76,3.17,4.27,4.64,0.89,2025-05-12 14:00:00+00:00,1747058400,13.72,45,6.4,14,0,5
Istanbul,3,124.95,0.25,1.84,114.57,3.92,4.67,5.17,0.89,2025-05-12 15:00:00+00:00,1747062000,13.72,45,6.4,15,0,5
Istanbul,3,130.32,0.25,3.32,113.54,5.33,5.34,6.11,1.21,2025-05-12 16:00:00+00:00,1747065600,13.72,45,6.4,16,0,5
Istanbul,2,138.79,0.03,6.79,72.09,2.9,1.96,2.28,0.88,2025-05-10 17:00:00+00:00,1746896400,13.72,45,6.4,17,5,5
Istanbul,2,139.82,0.0,6.64,70.54,2.81,1.61,1.9,0.83,2025-05-10 18:00:00+00:00,1746900000,13.72,45,6.4,18,5,5
Istanbul,2,139.51,0.0,6.4,68.47,2.78,1.38,1.72,0.93,2025-05-10 19:00:00+00:00,1746903600,13.72,45,6.4,19,5,5
Istanbul,2,139.59,0.0,6.21,66.63,3.08,1.44,1.89,1.04,2025-05-10 20:00:00+00:00,1746907200,13.72,45,6.4,20,5,5
Istanbul,2,139.03,0.0,5.88,65.34,3.3,1.67,2.2,1.1,2025-05-10 21:00:00+00:00,1746910800,13.72,45,6.4,21,5,5
Istanbul,2,137.5,0.0,5.39,64.61,3.36,1.88,2.49,1.19,2025-05-10 22:00:00+00:00,1746914400,13.72,45,6.4,22,5,5
Istanbul,2,136.91,0.0,5.07,64.4,3.44,2.09,2.78,1.24,2025-05-10 23:00:00+00:00,1746918000,13.72,45,6.4,23,5,5
Istanbul,2,136.33,0.0,4.9,64.39,3.56,2.27,3.0,1.24,2025-05-11 00:00:00+00:00,1746921600,13.72,45,6.4,0,6,5
Istanbul,2,135.43,0.0,4.73,65.3,3.74,2.4,3.2,1.16,2025-05-11 01:00:00+00:00,1746925200,13.72,45,6.4,1,6,5
Istanbul,2,134.41,0.0,4.49,66.12,3.79,2.46,3.31,1.17,2025-05-11 02:00:00+00:00,1746928800,13.72,45,6.4,2,6,5
Istanbul,2,133.48,0.0,4.3,66.31,3.8,2.46,3.35,1.22,2025-05-11 03:00:00+00:00,1746932400,13.72,45,6.4,3,6,5
Istanbul,2,132.57,0.0,4.36,66.89,3.83,2.51,3.45,1.22,2025-05-11 04:00:00+00:00,1746936000,13.72,45,6.4,4,6,5
Istanbul,2,131.69,0.05,4.82,68.07,3.93,2.38,3.34,1.21,2025-05-11 05:00:00+00:00,1746939600,13.72,45,6.4,5,6,5
Istanbul,2,131.17,0.19,4.93,69.83,4.12,2.2,3.16,1.24,2025-05-11 06:00:00+00:00,1746943200,13.72,45,6.4,6,6,5
Istanbul,2,130.29,0.45,4.52,74.27,4.1,2.14,3.13,1.2,2025-05-11 07:00:00+00:00,1746946800,13.72,45,6.4,7,6,5
Istanbul,2,129.87,0.61,4.14,78.21,3.97,2.3,3.26,1.2,2025-05-11 08:00:00+00:00,1746950400,13.72,45,6.4,8,6,5
Istanbul,2,129.63,0.62,3.5,83.61,3.82,2.63,3.56,1.21,2025-05-11 09:00:00+00:00,1746954000,13.72,45,6.4,9,6,5
Istanbul,2,128.03,0.47,2.25,93.55,3.46,3.11,3.98,1.1,2025-05-11 10:00:00+00:00,1746957600,13.72,45,6.4,10,6,5
Istanbul,3,125.45,0.3,1.43,101.58,3.24,3.72,4.58,1.03,2025-05-11 11:00:00+00:00,1746961200,13.72,45,6.4,11,6,5
Istanbul,3,124.15,0.22,1.07,106.56,3.17,4.23,5.07,1.02,2025-05-11 12:00:00+00:00,1746964800,13.72,45,6.4,12,6,5
Istanbul,3,124.43,0.18,0.89,110.5,3.12,4.57,5.4,1.04,2025-05-11 13:00:00+00:00,1746968400,13.72,45,6.4,13,6,5
Istanbul,3,124.69,0.16,0.93,112.42,3.16,4.77,5.59,1.11,2025-05-11 14:00:00+00:00,1746972000,13.72,45,6.4,14,6,5
Istanbul,3,124.94,0.17,1.17,113.18,3.31,4.82,5.65,1.19,2025-05-11 15:00:00+00:00,1746975600,13.72,45,6.4,15,6,5
Istanbul,3,128.48,0.19,2.36,107.12,3.68,5.38,6.37,2.22,2025-05-11 16:00:00+00:00,1746979200,13.72,45,6.4,16,6,5
Istanbul,2,140.03,0.05,11.05,82.18,5.23,17.69,31.63,5.01,2025-05-09 17:00:00+00:00,1746810000,13.72,45,6.4,17,4,5
Istanbul,2,160.51,0.0,15.8,69.44,5.39,19.25,31.79,6.71,2025-05-09 18:00:00+00:00,1746813600,13.72,45,6.4,18,4,5
Istanbul,2,170.16,0.0,17.27,57.47,4.64,19.15,30.04,8.16,2025-05-09 19:00:00+00:00,1746817200,13.72,45,6.4,19,4,5
Istanbul,2,172.58,0.0,16.5,48.3,3.62,18.8,28.38,8.68,2025-05-09 20:00:00+00:00,1746820800,13.72,45,6.4,20,4,5
Istanbul,2,169.55,0.0,14.89,42.08,2.93,18.02,26.55,8.6,2025-05-09 21:00:00+00:00,1746824400,13.72,45,6.4,21,4,5
Istanbul,2,162.35,0.0,12.63,37.99,2.44,17.36,25.16,8.56,2025-05-09 22:00:00+00:00,1746828000,13.72,45,6.4,22,4,5
Istanbul,2,155.35,0.0,10.59,35.42,2.12,17.04,24.47,8.45,2025-05-09 23:00:00+00:00,1746831600,13.72,45,6.4,23,4,5
Istanbul,2,148.85,0.0,8.91,33.69,1.86,16.82,24.07,8.36,2025-05-10 00:00:00+00:00,1746835200,13.72,45,6.4,0,5,5
Istanbul,2,142.25,0.0,7.52,32.51,1.68,16.6,23.61,8.75,2025-05-10 01:00:00+00:00,1746838800,13.72,45,6.4,1,5,5
Istanbul,2,138.71,0.0,6.72,32.55,1.66,16.66,23.44,10.03,2025-05-10 02:00:00+00:00,1746842400,13.72,45,6.4,2,5,5
Istanbul,2,137.06,0.0,6.44,33.7,1.83,17.06,23.72,11.4,2025-05-10 03:00:00+00:00,1746846000,13.72,45,6.4,3,5,5
Istanbul,2,137.8,0.03,6.85,37.9,2.64,17.67,24.08,11.83,2025-05-10 04:00:00+00:00,1746849600,13.72,45,6.4,4,5,5
Istanbul,2,138.5,0.44,6.88,38.05,2.7,16.49,22.56,11.31,2025-05-10 05:00:00+00:00,1746853200,13.72,45,6.4,5,5,5
Istanbul,2,139.01,1.06,6.24,39.05,2.66,15.65,21.33,8.92,2025-05-10 06:00:00+00:00,1746856800,13.72,45,6.4,6,5,5
Istanbul,2,137.21,0.59,5.35,70.26,4.35,16.11,24.3,2.14,2025-05-10 07:00:00+00:00,1746860400,13.72,45,6.4,7,5,5
Istanbul,2,135.7,0.5,5.26,73.12,4.22,13.4,20.23,1.72,2025-05-10 08:00:00+00:00,1746864000,13.72,45,6.4,8,5,5
Istanbul,2,135.18,0.41,5.38,72.22,3.99,11.33,16.13,1.53,2025-05-10 09:00:00+00:00,1746867600,13.72,45,6.4,9,5,5
Istanbul,2,131.65,0.25,4.75,77.52,3.6,8.79,12.6,0.85,2025-05-10 10:00:00+00:00,1746871200,13.72,45,6.4,10,5,5
Istanbul,2,132.34,0.3,4.61,78.03,3.49,7.31,9.83,0.81,2025-05-10 11:00:00+00:00,1746874800,13.72,45,6.4,11,5,5
Istanbul,2,134.47,0.35,4.77,77.99,3.6,6.1,7.64,0.8,2025-05-10 12:00:00+00:00,1746878400,13.72,45,6.4,12,5,5
Istanbul,2,135.5,0.36,4.93,77.4,3.74,5.03,6.05,0.83,2025-05-10 13:00:00+00:00,1746882000,13.72,45,6.4,13,5,5
Istanbul,2,136.97,0.36,5.23,76.34,3.67,4.12,4.85,0.91,2025-05-10 14:00:00+00:00,1746885600,13.72,45,6.4,14,5,5
Istanbul,2,137.81,0.33,5.56,75.5,3.45,3.28,3.82,0.94,2025-05-10 15:00:00+00:00,1746889200,13.72,45,6.4,15,5,5
Istanbul,2,137.76,0.2,6.15,73.72,3.16,2.51,2.91,0.91,2025-05-10 16:00:00+00:00,1746892800,13.72,45,6.4,16,5,5
Istanbul,2,117.98,0.08,5.49,92.97,3.05,16.33,46.89,3.26,2025-05-08 17:00:00+00:00,1746723600,13.72,45,6.4,17,3,5
Istanbul,2,121.72,0.0,6.21,86.0,2.98,17.37,48.06,4.51,2025-05-08 18:00:00+00:00,1746727200,13.72,45,6.4,18,3,5
Istanbul,2,120.97,0.0,6.05,78.25,2.68,17.66,47.15,5.62,2025-05-08 19:00:00+00:00,1746730800,13.72,45,6.4,19,3,5
Istanbul,2,119.91,0.0,5.66,71.09,2.2,17.79,46.13,5.99,2025-05-08 20:00:00+00:00,1746734400,13.72,45,6.4,20,3,5
Istanbul,2,116.86,0.0,4.94,66.47,1.84,17.73,45.54,6.08,2025-05-08 21:00:00+00:00,1746738000,13.72,45,6.4,21,3,5
Istanbul,2,111.53,0.0,3.83,64.94,1.62,17.36,45.39,5.77,2025-05-08 22:00:00+00:00,1746741600,13.72,45,6.4,22,3,5
Istanbul,2,108.87,0.0,3.17,62.17,1.49,17.44,46.11,6.12,2025-05-08 23:00:00+00:00,1746745200,13.72,45,6.4,23,3,5
Istanbul,2,107.68,0.0,2.77,59.97,1.55,17.84,48.06,6.6,2025-05-09 00:00:00+00:00,1746748800,13.72,45,6.4,0,4,5
Istanbul,2,106.84,0.0,2.53,57.83,1.63,18.27,49.89,7.21,2025-05-09 01:00:00+00:00,1746752400,13.72,45,6.4,1,4,5
Istanbul,3,106.4,0.0,2.47,54.39,1.55,18.67,50.97,8.26,2025-05-09 02:00:00+00:00,1746756000,13.72,45,6.4,2,4,5
Istanbul,3,106.64,0.0,2.66,50.77,1.48,18.92,51.66,9.25,2025-05-09 03:00:00+00:00,1746759600,13.72,45,6.4,3,4,5
Istanbul,3,107.45,0.05,3.51,46.36,1.53,18.81,51.87,9.61,2025-05-09 04:00:00+00:00,1746763200,13.72,45,6.4,4,4,5
Istanbul,3,109.55,0.63,4.35,42.83,1.66,18.59,52.1,8.96,2025-05-09 05:00:00+00:00,1746766800,13.72,45,6.4,5,4,5
Istanbul,3,111.31,1.35,4.45,43.66,1.85,18.57,52.94,8.12,2025-05-09 06:00:00+00:00,1746770400,13.72,45,6.4,6,4,5
Istanbul,3,109.77,0.55,2.48,77.35,3.53,18.54,56.47,3.66,2025-05-09 07:00:00+00:00,1746774000,13.72,45,6.4,7,4,5
Istanbul,3,110.0,0.52,1.96,84.9,3.94,18.99,55.37,3.28,2025-05-09 08:00:00+00:00,1746777600,13.72,45,6.4,8,4,5
Istanbul,3,110.91,0.5,1.77,90.75,4.53,20.26,55.29,3.21,2025-05-09 09:00:00+00:00,1746781200,13.72,45,6.4,9,4,5
Istanbul,3,106.58,0.16,1.02,103.44,3.56,13.98,35.15,1.21,2025-05-09 10:00:00+00:00,1746784800,13.72,45,6.4,10,4,5
Istanbul,3,103.95,0.08,0.85,103.84,2.85,11.07,27.11,0.8,2025-05-09 11:00:00+00:00,1746788400,13.72,45,6.4,11,4,5
Istanbul,3,103.04,0.05,0.92,103.51,2.69,10.39,25.5,0.76,2025-05-09 12:00:00+00:00,1746792000,13.72,45,6.4,12,4,5
Istanbul,3,104.14,0.05,1.26,103.98,2.73,10.29,25.29,0.78,2025-05-09 13:00:00+00:00,1746795600,13.72,45,6.4,13,4,5
Istanbul,3,106.02,0.09,1.81,104.14,2.96,10.38,25.21,0.81,2025-05-09 14:00:00+00:00,1746799200,13.72,45,6.4,14,4,5
Istanbul,3,107.74,0.11,2.39,103.74,3.19,10.51,25.72,0.82,2025-05-09 15:00:00+00:00,1746802800,13.72,45,6.4,15,4,5
Istanbul,2,114.01,0.18,4.8,91.4,3.29,11.32,25.87,2.61,2025-05-09 16:00:00+00:00,1746806400,13.72,45,6.4,16,4,5
Istanbul,2,110.95,0.04,2.65,91.79,2.52,11.92,35.2,2.32,2025-05-07 17:00:00+00:00,1746637200,13.72,45,6.4,17,2,5
Istanbul,2,112.48,0.0,2.8,88.66,2.68,12.34,36.14,3.04,2025-05-07 18:00:00+00:00,1746640800,13.72,45,6.4,18,2,5
Istanbul,2,111.45,0.0,2.93,82.58,2.63,12.5,36.11,3.89,2025-05-07 19:00:00+00:00,1746644400,13.72,45,6.4,19,2,5
Istanbul,2,112.24,0.0,3.23,76.16,2.37,12.79,36.26,4.81,2025-05-07 20:00:00+00:00,1746648000,13.72,45,6.4,20,2,5
Istanbul,2,112.63,0.0,3.33,70.82,2.08,13.05,36.76,5.48,2025-05-07 21:00:00+00:00,1746651600,13.72,45,6.4,21,2,5
Istanbul,2,111.05,0.0,3.14,64.67,1.73,13.11,36.77,6.36,2025-05-07 22:00:00+00:00,1746655200,13.72,45,6.4,22,2,5
Istanbul,2,110.27,0.0,2.94,58.44,1.44,13.25,36.9,7.59,2025-05-07 23:00:00+00:00,1746658800,13.72,45,6.4,23,2,5
Istanbul,2,109.61,0.0,2.79,53.42,1.27,13.39,37.42,8.68,2025-05-08 00:00:00+00:00,1746662400,13.72,45,6.4,0,3,5
Istanbul,2,109.1,0.0,2.68,49.46,1.17,13.54,38.07,9.87,2025-05-08 01:00:00+00:00,1746666000,13.72,45,6.4,1,3,5
Istanbul,2,108.98,0.0,2.69,46.14,1.09,13.74,38.71,10.87,2025-05-08 02:00:00+00:00,1746669600,13.72,45,6.4,2,3,5
Istanbul,2,109.04,0.0,2.93,43.0,1.09,14.0,39.03,11.78,2025-05-08 03:00:00+00:00,1746673200,13.72,45,6.4,3,3,5
Istanbul,2,109.16,0.08,3.79,38.22,1.16,13.85,38.31,11.73,2025-05-08 04:00:00+00:00,1746676800,13.72,45,6.4,4,3,5
Istanbul,2,111.69,0.97,4.42,33.15,1.15,13.71,37.79,10.25,2025-05-08 05:00:00+00:00,1746680400,13.72,45,6.4,5,3,5
Istanbul,2,114.5,2.19,4.33,32.33,1.28,13.81,38.06,9.43,2025-05-08 06:00:00+00:00,1746684000,13.72,45,6.4,6,3,5
Istanbul,2,113.53,0.86,3.27,67.42,2.92,14.14,44.59,5.09,2025-05-08 07:00:00+00:00,1746687600,13.72,45,6.4,7,3,5
Istanbul,2,113.45,0.74,2.86,77.69,3.5,14.5,44.81,4.21,2025-05-08 08:00:00+00:00,1746691200,13.72,45,6.4,8,3,5
Istanbul,2,113.76,0.7,2.66,85.65,4.04,15.51,46.06,3.95,2025-05-08 09:00:00+00:00,1746694800,13.72,45,6.4,9,3,5
Istanbul,3,107.08,0.23,1.2,103.43,3.43,16.0,58.97,1.39,2025-05-08 10:00:00+00:00,1746698400,13.72,45,6.4,10,3,5
Istanbul,3,103.91,0.13,0.79,106.59,2.8,15.13,56.85,0.91,2025-05-08 11:00:00+00:00,1746702000,13.72,45,6.4,11,3,5
Istanbul,3,103.0,0.12,0.76,107.91,2.64,14.59,53.22,0.87,2025-05-08 12:00:00+00:00,1746705600,13.72,45,6.4,12,3,5
Istanbul,3,104.24,0.14,0.95,109.93,2.71,14.58,50.88,0.86,2025-05-08 13:00:00+00:00,1746709200,13.72,45,6.4,13,3,5
Istanbul,3,105.64,0.17,1.23,110.91,2.88,14.71,49.33,0.88,2025-05-08 14:00:00+00:00,1746712800,13.72,45,6.4,14,3,5
Istanbul,3,106.53,0.18,1.55,110.57,2.92,14.32,46.76,0.89,2025-05-08 15:00:00+00:00,1746716400,13.72,45,6.4,15,3,5
Istanbul,3,111.31,0.23,3.25,103.04,3.0,14.9,45.66,1.84,2025-05-08 16:00:00+00:00,1746720000,13.72,45,6.4,16,3,5
Ankara,2,98.51,0.01,0.91,80.84,0.24,1.44,3.11,1.75,2025-05-11 17:00:00+00:00,1746982800,17.19,44,3.91,17,6,5
Ankara,2,100.23,0.0,1.09,76.59,0.32,1.49,2.86,2.43,2025-05-11 18:00:00+00:00,1746986400,17.19,44,3.91,18,6,5
Ankara,2,100.61,0.0,1.21,71.74,0.38,1.54,2.69,3.09,2025-05-11 19:00:00+00:00,1746990000,17.19,44,3.91,19,6,5
Ankara,2,102.28,0.0,1.34,67.84,0.42,1.61,2.61,3.63,2025-05-11 20:00:00+00:00,1746993600,17.19,44,3.91,20,6,5
Ankara,2,103.98,0.0,1.38,65.07,0.43,1.72,2.6,3.66,2025-05-11 21:00:00+00:00,1746997200,17.19,44,3.91,21,6,5
Ankara,2,104.24,0.0,1.31,62.36,0.4,1.86,2.66,3.16,2025-05-11 22:00:00+00:00,1747000800,17.19,44,3.91,22,6,5
Ankara,2,105.27,0.0,1.22,60.36,0.38,2.02,2.81,2.69,2025-05-11 23:00:00+00:00,1747004400,17.19,44,3.91,23,6,5
Ankara,1,106.27,0.0,1.12,58.98,0.36,2.18,2.95,2.32,2025-05-12 00:00:00+00:00,1747008000,17.19,44,3.91,0,0,5
Ankara,1,106.39,0.0,1.04,57.64,0.35,2.31,3.06,2.16,2025-05-12 01:00:00+00:00,1747011600,17.19,44,3.91,1,0,5
Ankara,1,107.12,0.0,0.98,57.35,0.34,2.44,3.19,2.22,2025-05-12 02:00:00+00:00,1747015200,17.19,44,3.91,2,0,5
Ankara,1,107.76,0.0,0.97,57.74,0.33,2.68,3.42,2.37,2025-05-12 03:00:00+00:00,1747018800,17.19,44,3.91,3,0,5
Ankara,1,107.78,0.03,1.16,57.88,0.4,2.58,3.26,2.4,2025-05-12 04:00:00+00:00,1747022400,17.19,44,3.91,4,0,5
Ankara,1,108.02,0.17,1.31,57.4,0.44,2.15,2.74,2.24,2025-05-12 05:00:00+00:00,1747026000,17.19,44,3.91,5,0,5
Ankara,1,107.99,0.33,1.26,59.29,0.47,2.05,2.59,2.16,2025-05-12 06:00:00+00:00,1747029600,17.19,44,3.91,6,0,5
Ankara,2,105.92,0.17,0.77,75.53,0.65,2.16,2.62,1.16,2025-05-12 07:00:00+00:00,1747033200,17.19,44,3.91,7,0,5
Ankara,2,103.96,0.12,0.6,79.0,0.61,2.15,2.61,1.08,2025-05-12 08:00:00+00:00,1747036800,17.19,44,3.91,8,0,5
Ankara,2,102.47,0.08,0.49,80.73,0.57,2.12,2.54,1.09,2025-05-12 09:00:00+00:00,1747040400,17.19,44,3.91,9,0,5
Ankara,2,100.18,0.04,0.3,87.34,0.39,2.06,3.62,0.77,2025-05-12 10:00:00+00:00,1747044000,17.19,44,3.91,10,0,5
Ankara,2,97.39,0.03,0.24,90.18,0.3,1.9,3.54,0.67,2025-05-12 11:00:00+00:00,1747047600,17.19,44,3.91,11,0,5
Ankara,2,95.66,0.03,0.25,91.33,0.27,1.61,2.75,0.67,2025-05-12 12:00:00+00:00,1747051200,17.19,44,3.91,12,0,5
Ankara,2,95.92,0.03,0.28,93.8,0.27,1.36,2.02,0.7,2025-05-12 13:00:00+00:00,1747054800,17.19,44,3.91,13,0,5
Ankara,2,95.85,0.03,0.33,95.54,0.31,1.24,1.59,0.75,2025-05-12 14:00:00+00:00,1747058400,17.19,44,3.91,14,0,5
Ankara,2,96.07,0.04,0.39,97.13,0.39,1.22,1.44,0.81,2025-05-12 15:00:00+00:00,1747062000,17.19,44,3.91,15,0,5
Ankara,2,97.07,0.03,0.62,96.77,0.53,1.33,1.52,1.18,2025-05-12 16:00:00+00:00,1747065600,17.19,44,3.91,16,0,5
Ankara,2,97.25,0.0,1.35,60.07,0.2,3.31,6.37,2.59,2025-05-10 17:00:00+00:00,1746896400,17.19,44,3.91,17,5,5
Ankara,1,99.57,0.0,1.7,54.96,0.23,3.05,5.72,3.58,2025-05-10 18:00:00+00:00,1746900000,17.19,44,3.91,18,5,5
Ankara,1,99.26,0.0,1.88,50.17,0.24,2.88,5.36,4.29,2025-05-10 19:00:00+00:00,1746903600,17.19,44,3.91,19,5,5
Ankara,1,100.28,0.0,2.06,44.89,0.22,2.85,5.29,4.42,2025-05-10 20:00:00+00:00,1746907200,17.19,44,3.91,20,5,5
Ankara,1,100.81,0.0,2.17,40.08,0.19,2.82,5.24,4.44,2025-05-10 21:00:00+00:00,1746910800,17.19,44,3.91,21,5,5
Ankara,1,100.44,0.0,2.15,36.11,0.16,2.83,5.38,4.34,2025-05-10 22:00:00+00:00,1746914400,17.19,44,3.91,22,5,5
Ankara,1,100.6,0.0,2.09,32.71,0.14,2.88,5.66,4.18,2025-05-10 23:00:00+00:00,1746918000,17.19,44,3.91,23,5,5
Ankara,1,100.76,0.0,2.0,30.54,0.14,2.92,6.02,4.05,2025-05-11 00:00:00+00:00,1746921600,17.19,44,3.91,0,6,5
Ankara,1,100.38,0.0,1.83,31.58,0.16,2.86,6.21,3.92,2025-05-11 01:00:00+00:00,1746925200,17.19,44,3.91,1,6,5
Ankara,1,100.51,0.0,1.77,30.23,0.15,2.89,6.51,3.87,2025-05-11 02:00:00+00:00,1746928800,17.19,44,3.91,2,6,5
Ankara,1,100.79,0.0,1.78,28.93,0.15,3.06,7.1,3.91,2025-05-11 03:00:00+00:00,1746932400,17.19,44,3.91,3,6,5
Ankara,1,101.11,0.08,1.94,27.83,0.17,3.17,7.46,3.97,2025-05-11 04:00:00+00:00,1746936000,17.19,44,3.91,4,6,5
Ankara,1,101.52,0.43,1.94,27.66,0.22,3.14,7.37,3.99,2025-05-11 05:00:00+00:00,1746939600,17.19,44,3.91,5,6,5
Ankara,1,101.7,0.65,1.83,30.88,0.26,3.01,7.1,3.93,2025-05-11 06:00:00+00:00,1746943200,17.19,44,3.91,6,6,5
Ankara,2,101.18,0.15,0.97,60.29,0.34,3.38,11.0,1.54,2025-05-11 07:00:00+00:00,1746946800,17.19,44,3.91,7,6,5
Ankara,2,100.18,0.12,0.65,66.26,0.3,3.16,10.6,1.19,2025-05-11 08:00:00+00:00,1746950400,17.19,44,3.91,8,6,5
Ankara,2,99.18,0.1,0.46,69.82,0.28,2.93,9.51,1.1,2025-05-11 09:00:00+00:00,1746954000,17.19,44,3.91,9,6,5
Ankara,2,97.82,0.05,0.26,78.64,0.24,3.37,12.18,0.74,2025-05-11 10:00:00+00:00,1746957600,17.19,44,3.91,10,6,5
Ankara,2,95.66,0.03,0.21,83.01,0.2,3.15,11.37,0.63,2025-05-11 11:00:00+00:00,1746961200,17.19,44,3.91,11,6,5
Ankara,2,94.19,0.03,0.22,85.38,0.18,2.66,9.26,0.62,2025-05-11 12:00:00+00:00,1746964800,17.19,44,3.91,12,6,5
Ankara,2,94.28,0.03,0.24,87.83,0.17,2.16,7.17,0.63,2025-05-11 13:00:00+00:00,1746968400,17.19,44,3.91,13,6,5
Ankara,2,94.85,0.03,0.28,89.04,0.17,1.76,5.48,0.62,2025-05-11 14:00:00+00:00,1746972000,17.19,44,3.91,14,6,5
Ankara,2,95.61,0.04,0.34,89.37,0.18,1.53,4.36,0.62,2025-05-11 15:00:00+00:00,1746975600,17.19,44,3.91,15,6,5
Ankara,2,96.61,0.03,0.56,85.91,0.2,1.43,3.58,1.02,2025-05-11 16:00:00+00:00,1746979200,17.19,44,3.91,16,6,5
Ankara,2,94.21,0.01,2.01,71.17,0.33,2.62,7.76,3.47,2025-05-09 17:00:00+00:00,1746810000,17.19,44,3.91,17,4,5
Ankara,2,96.51,0.0,2.5,65.25,0.39,2.63,7.53,4.77,2025-05-09 18:00:00+00:00,1746813600,17.19,44,3.91,18,4,5
Ankara,2,97.47,0.0,2.74,61.26,0.41,2.63,7.45,5.75,2025-05-09 19:00:00+00:00,1746817200,17.19,44,3.91,19,4,5
Ankara,1,98.82,0.0,2.88,57.62,0.4,2.66,7.44,6.32,2025-05-09 20:00:00+00:00,1746820800,17.19,44,3.91,20,4,5
Ankara,1,99.77,0.0,2.92,53.43,0.36,2.72,7.45,6.72,2025-05-09 21:00:00+00:00,1746824400,17.19,44,3.91,21,4,5
Ankara,1,99.24,0.0,2.69,49.37,0.29,2.78,7.5,6.61,2025-05-09 22:00:00+00:00,1746828000,17.19,44,3.91,22,4,5
Ankara,1,99.22,0.0,2.42,47.38,0.25,2.89,7.7,6.47,2025-05-09 23:00:00+00:00,1746831600,17.19,44,3.91,23,4,5
Ankara,1,99.17,0.0,2.19,47.86,0.23,2.99,8.04,6.29,2025-05-10 00:00:00+00:00,1746835200,17.19,44,3.91,0,5,5
Ankara,1,98.25,0.0,1.77,57.06,0.22,3.14,9.13,5.09,2025-05-10 01:00:00+00:00,1746838800,17.19,44,3.91,1,5,5
Ankara,1,98.66,0.0,1.68,57.82,0.24,3.39,9.94,4.88,2025-05-10 02:00:00+00:00,1746842400,17.19,44,3.91,2,5,5
Ankara,1,99.3,0.0,1.74,57.04,0.3,3.72,11.01,4.85,2025-05-10 03:00:00+00:00,1746846000,17.19,44,3.91,3,5,5
Ankara,1,99.3,0.03,2.04,55.89,0.4,4.06,12.37,4.73,2025-05-10 04:00:00+00:00,1746849600,17.19,44,3.91,4,5,5
Ankara,1,98.87,0.22,2.16,56.23,0.56,4.56,14.94,4.36,2025-05-10 05:00:00+00:00,1746853200,17.19,44,3.91,5,5,5
Ankara,2,97.42,0.39,1.85,61.89,0.73,5.67,21.15,3.59,2025-05-10 06:00:00+00:00,1746856800,17.19,44,3.91,6,5,5
Ankara,2,91.99,0.04,0.59,81.16,0.45,10.13,45.48,0.96,2025-05-10 07:00:00+00:00,1746860400,17.19,44,3.91,7,5,5
Ankara,3,89.95,0.02,0.29,80.43,0.18,11.44,51.04,0.53,2025-05-10 08:00:00+00:00,1746864000,17.19,44,3.91,8,5,5
Ankara,2,88.79,0.02,0.19,78.66,0.1,11.43,49.58,0.38,2025-05-10 09:00:00+00:00,1746867600,17.19,44,3.91,9,5,5
Ankara,2,90.15,0.01,0.17,78.46,0.1,10.48,42.44,0.32,2025-05-10 10:00:00+00:00,1746871200,17.19,44,3.91,10,5,5
Ankara,2,90.45,0.01,0.17,77.95,0.1,8.92,31.26,0.32,2025-05-10 11:00:00+00:00,1746874800,17.19,44,3.91,11,5,5
Ankara,2,90.51,0.01,0.18,77.65,0.09,7.56,22.05,0.32,2025-05-10 12:00:00+00:00,1746878400,17.19,44,3.91,12,5,5
Ankara,2,91.05,0.01,0.19,77.03,0.09,6.42,15.75,0.32,2025-05-10 13:00:00+00:00,1746882000,17.19,44,3.91,13,5,5
Ankara,2,92.49,0.01,0.24,76.44,0.08,5.24,11.7,0.36,2025-05-10 14:00:00+00:00,1746885600,17.19,44,3.91,14,5,5
Ankara,2,93.99,0.01,0.29,75.31,0.08,4.41,9.42,0.41,2025-05-10 15:00:00+00:00,1746889200,17.19,44,3.91,15,5,5
Ankara,2,94.85,0.01,0.72,68.27,0.13,3.75,7.56,1.28,2025-05-10 16:00:00+00:00,1746892800,17.19,44,3.91,16,5,5
Ankara,2,94.91,0.01,0.98,81.63,0.2,6.95,23.5,1.67,2025-05-08 17:00:00+00:00,1746723600,17.19,44,3.91,17,3,5
Ankara,2,96.56,0.0,1.23,77.77,0.26,7.15,23.22,2.28,2025-05-08 18:00:00+00:00,1746727200,17.19,44,3.91,18,3,5
Ankara,2,96.96,0.0,1.38,73.3,0.29,7.31,22.98,2.79,2025-05-08 19:00:00+00:00,1746730800,17.19,44,3.91,19,3,5
Ankara,2,98.36,0.0,1.53,70.03,0.29,7.63,23.49,3.24,2025-05-08 20:00:00+00:00,1746734400,17.19,44,3.91,20,3,5
Ankara,2,99.64,0.0,1.58,67.51,0.27,8.08,24.77,3.54,2025-05-08 21:00:00+00:00,1746738000,17.19,44,3.91,21,3,5
Ankara,2,99.62,0.0,1.57,63.15,0.24,8.52,25.7,3.87,2025-05-08 22:00:00+00:00,1746741600,17.19,44,3.91,22,3,5
Ankara,2,100.31,0.0,1.54,58.16,0.2,9.03,26.66,4.35,2025-05-08 23:00:00+00:00,1746745200,17.19,44,3.91,23,3,5
Ankara,2,100.81,0.0,1.47,54.1,0.17,9.5,28.06,4.72,2025-05-09 00:00:00+00:00,1746748800,17.19,44,3.91,0,4,5
Ankara,2,100.5,0.0,1.39,50.06,0.14,9.82,29.15,5.07,2025-05-09 01:00:00+00:00,1746752400,17.19,44,3.91,1,4,5
Ankara,2,100.76,0.0,1.37,46.48,0.12,10.12,30.21,5.46,2025-05-09 02:00:00+00:00,1746756000,17.19,44,3.91,2,4,5
Ankara,2,101.3,0.0,1.47,43.68,0.12,10.41,31.59,5.7,2025-05-09 03:00:00+00:00,1746759600,17.19,44,3.91,3,4,5
Ankara,2,101.38,0.1,1.82,41.8,0.17,10.59,33.21,5.84,2025-05-09 04:00:00+00:00,1746763200,17.19,44,3.91,4,4,5
Ankara,2,101.88,0.54,1.96,43.08,0.25,10.79,35.69,5.67,2025-05-09 05:00:00+00:00,1746766800,17.19,44,3.91,5,4,5
Ankara,2,101.37,0.73,1.73,51.84,0.31,11.15,39.57,4.85,2025-05-09 06:00:00+00:00,1746770400,17.19,44,3.91,6,4,5
Ankara,2,94.83,0.1,0.39,88.8,0.33,9.72,36.79,1.09,2025-05-09 07:00:00+00:00,1746774000,17.19,44,3.91,7,4,5
Ankara,2,91.05,0.06,0.22,88.89,0.25,7.9,29.49,0.71,2025-05-09 08:00:00+00:00,1746777600,17.19,44,3.91,8,4,5
Ankara,2,89.32,0.05,0.19,87.68,0.22,7.4,27.5,0.65,2025-05-09 09:00:00+00:00,1746781200,17.19,44,3.91,9,4,5
Ankara,2,89.16,0.04,0.17,87.91,0.18,6.41,23.69,0.55,2025-05-09 10:00:00+00:00,1746784800,17.19,44,3.91,10,4,5
Ankara,2,88.2,0.04,0.17,86.74,0.14,5.24,19.58,0.49,2025-05-09 11:00:00+00:00,1746788400,17.19,44,3.91,11,4,5
Ankara,2,88.0,0.03,0.19,86.29,0.12,4.19,15.7,0.49,2025-05-09 12:00:00+00:00,1746792000,17.19,44,3.91,12,4,5
Ankara,2,88.61,0.03,0.23,87.03,0.13,3.46,12.56,0.55,2025-05-09 13:00:00+00:00,1746795600,17.19,44,3.91,13,4,5
Ankara,2,89.67,0.04,0.3,87.98,0.14,3.07,10.72,0.65,2025-05-09 14:00:00+00:00,1746799200,17.19,44,3.91,14,4,5
Ankara,2,90.44,0.04,0.39,88.4,0.15,2.77,9.53,0.71,2025-05-09 15:00:00+00:00,1746802800,17.19,44,3.91,15,4,5
Ankara,2,91.51,0.05,1.05,80.55,0.22,2.63,8.42,1.83,2025-05-09 16:00:00+00:00,1746806400,17.19,44,3.91,16,4,5
Ankara,2,99.32,0.0,1.24,72.67,0.23,2.39,6.64,1.69,2025-05-07 17:00:00+00:00,1746637200,17.19,44,3.91,17,2,5
Ankara,2,100.72,0.0,1.45,69.62,0.26,2.34,6.13,2.22,2025-05-07 18:00:00+00:00,1746640800,17.19,44,3.91,18,2,5
Ankara,2,100.99,0.0,1.54,66.25,0.28,2.24,5.58,2.65,2025-05-07 19:00:00+00:00,1746644400,17.19,44,3.91,19,2,5
Ankara,2,101.62,0.0,1.61,63.85,0.3,2.22,5.34,2.97,2025-05-07 20:00:00+00:00,1746648000,17.19,44,3.91,20,2,5
Ankara,2,101.93,0.0,1.59,61.88,0.29,2.28,5.45,3.15,2025-05-07 21:00:00+00:00,1746651600,17.19,44,3.91,21,2,5
Ankara,1,101.55,0.0,1.54,58.71,0.25,2.47,6.06,3.34,2025-05-07 22:00:00+00:00,1746655200,17.19,44,3.91,22,2,5
Ankara,1,101.91,0.0,1.5,54.85,0.21,2.83,7.33,3.59,2025-05-07 23:00:00+00:00,1746658800,17.19,44,3.91,23,2,5
Ankara,1,102.35,0.0,1.43,51.84,0.18,3.35,9.38,3.72,2025-05-08 00:00:00+00:00,1746662400,17.19,44,3.91,0,3,5
Ankara,1,101.75,0.0,1.32,49.89,0.15,4.05,12.39,3.71,2025-05-08 01:00:00+00:00,1746666000,17.19,44,3.91,1,3,5
Ankara,1,101.56,0.0,1.21,50.3,0.15,4.94,16.3,3.66,2025-05-08 02:00:00+00:00,1746669600,17.19,44,3.91,2,3,5
Ankara,2,101.43,0.0,1.18,51.98,0.17,5.87,20.22,3.52,2025-05-08 03:00:00+00:00,1746673200,17.19,44,3.91,3,3,5
Ankara,2,101.24,0.01,1.38,54.37,0.24,6.55,22.31,3.17,2025-05-08 04:00:00+00:00,1746676800,17.19,44,3.91,4,3,5
Ankara,2,101.17,0.08,1.73,56.67,0.31,6.83,21.85,2.77,2025-05-08 05:00:00+00:00,1746680400,17.19,44,3.91,5,3,5
Ankara,2,100.12,0.16,1.69,62.92,0.31,6.49,19.17,2.13,2025-05-08 06:00:00+00:00,1746684000,17.19,44,3.91,6,3,5
Ankara,2,97.1,0.05,0.74,81.99,0.2,5.04,14.09,0.85,2025-05-08 07:00:00+00:00,1746687600,17.19,44,3.91,7,3,5
Ankara,2,95.68,0.05,0.52,84.69,0.16,4.76,14.06,0.69,2025-05-08 08:00:00+00:00,1746691200,17.19,44,3.91,8,3,5
Ankara,2,94.63,0.04,0.39,84.58,0.15,5.97,19.24,0.62,2025-05-08 09:00:00+00:00,1746694800,17.19,44,3.91,9,3,5
Ankara,2,94.48,0.03,0.21,84.58,0.1,7.72,25.86,0.43,2025-05-08 10:00:00+00:00,1746698400,17.19,44,3.91,10,3,5
Ankara,2,93.82,0.03,0.16,83.26,0.07,7.93,26.97,0.38,2025-05-08 11:00:00+00:00,1746702000,17.19,44,3.91,11,3,5
Ankara,2,93.25,0.03,0.15,83.17,0.06,7.7,26.72,0.39,2025-05-08 12:00:00+00:00,1746705600,17.19,44,3.91,12,3,5
Ankara,2,93.34,0.03,0.16,84.6,0.06,7.47,26.41,0.42,2025-05-08 13:00:00+00:00,1746709200,17.19,44,3.91,13,3,5
Ankara,2,92.95,0.04,0.21,85.87,0.07,7.18,25.71,0.46,2025-05-08 14:00:00+00:00,1746712800,17.19,44,3.91,14,3,5
Ankara,2,92.59,0.03,0.27,87.2,0.08,6.93,25.09,0.51,2025-05-08 15:00:00+00:00,1746716400,17.19,44,3.91,15,3,5
Ankara,2,93.38,0.03,0.54,85.99,0.13,6.85,24.3,0.94,2025-05-08 16:00:00+00:00,1746720000,17.19,44,3.91,16,3,5
Izmir,3,118.45,0.02,1.1,104.39,2.72,6.75,13.95,0.02,2025-05-11 17:00:00+00:00,1746982800,19.71,48,2.6,17,6,5
Izmir,3,118.82,0.0,1.2,103.32,2.67,6.45,13.3,0.03,2025-05-11 18:00:00+00:00,1746986400,19.71,48,2.6,18,6,5
Izmir,3,118.94,0.0,1.24,101.8,2.59,6.13,12.45,0.04,2025-05-11 19:00:00+00:00,1746990000,19.71,48,2.6,19,6,5
Izmir,2,118.99,0.0,1.29,99.9,2.51,5.85,11.77,0.04,2025-05-11 20:00:00+00:00,1746993600,19.71,48,2.6,20,6,5
Izmir,2,118.77,0.0,1.32,97.93,2.44,5.64,11.28,0.05,2025-05-11 21:00:00+00:00,1746997200,19.71,48,2.6,21,6,5
Izmir,2,118.26,0.0,1.33,95.47,2.35,5.47,11.03,0.05,2025-05-11 22:00:00+00:00,1747000800,19.71,48,2.6,22,6,5
Izmir,2,118.08,0.0,1.35,93.22,2.28,5.36,10.94,0.05,2025-05-11 23:00:00+00:00,1747004400,19.71,48,2.6,23,6,5
Izmir,2,117.99,0.0,1.37,91.13,2.24,5.28,10.86,0.05,2025-05-12 00:00:00+00:00,1747008000,19.71,48,2.6,0,0,5
Izmir,2,117.98,0.0,1.4,89.1,2.23,5.19,10.69,0.06,2025-05-12 01:00:00+00:00,1747011600,19.71,48,2.6,1,0,5
Izmir,2,118.04,0.0,1.45,87.3,2.24,5.12,10.46,0.06,2025-05-12 02:00:00+00:00,1747015200,19.71,48,2.6,2,0,5
Izmir,2,118.28,0.0,1.53,85.8,2.3,5.09,10.09,0.07,2025-05-12 03:00:00+00:00,1747018800,19.71,48,2.6,3,0,5
Izmir,2,118.64,0.0,1.71,85.42,2.43,5.13,9.57,0.09,2025-05-12 04:00:00+00:00,1747022400,19.71,48,2.6,4,0,5
Izmir,2,118.94,0.08,1.97,85.98,2.56,5.25,9.12,0.11,2025-05-12 05:00:00+00:00,1747026000,19.71,48,2.6,5,0,5
Izmir,2,119.6,0.22,1.96,87.78,2.63,5.45,8.82,0.13,2025-05-12 06:00:00+00:00,1747029600,19.71,48,2.6,6,0,5
Izmir,2,119.63,0.31,1.71,91.53,2.58,5.74,8.7,0.14,2025-05-12 07:00:00+00:00,1747033200,19.71,48,2.6,7,0,5
Izmir,2,119.67,0.28,1.36,96.29,2.42,6.16,8.92,0.13,2025-05-12 08:00:00+00:00,1747036800,19.71,48,2.6,8,0,5
Izmir,3,119.26,0.21,0.98,101.06,2.23,6.71,9.42,0.1,2025-05-12 09:00:00+00:00,1747040400,19.71,48,2.6,9,0,5
Izmir,3,117.97,0.15,0.71,103.68,2.04,7.24,10.22,0.07,2025-05-12 10:00:00+00:00,1747044000,19.71,48,2.6,10,0,5
Izmir,3,116.9,0.12,0.58,104.54,1.93,7.74,11.28,0.04,2025-05-12 11:00:00+00:00,1747047600,19.71,48,2.6,11,0,5
Izmir,3,116.1,0.1,0.53,105.17,1.9,8.26,12.33,0.01,2025-05-12 12:00:00+00:00,1747051200,19.71,48,2.6,12,0,5
Izmir,3,115.47,0.09,0.56,105.63,1.94,8.86,13.49,0.0,2025-05-12 13:00:00+00:00,1747054800,19.71,48,2.6,13,0,5
Izmir,3,115.0,0.08,0.71,105.07,2.06,9.57,14.77,0.0,2025-05-12 14:00:00+00:00,1747058400,19.71,48,2.6,14,0,5
Izmir,3,115.07,0.07,0.95,104.27,2.24,10.34,16.07,0.0,2025-05-12 15:00:00+00:00,1747062000,19.71,48,2.6,15,0,5
Izmir,3,115.71,0.04,1.24,103.66,2.42,11.15,17.29,0.0,2025-05-12 16:00:00+00:00,1747065600,19.71,48,2.6,16,0,5
Izmir,3,119.36,0.02,1.75,100.3,1.66,21.29,39.69,0.0,2025-05-10 17:00:00+00:00,1746896400,19.71,48,2.6,17,5,5
Izmir,2,121.3,0.0,1.93,99.5,1.8,17.54,32.68,0.01,2025-05-10 18:00:00+00:00,1746900000,19.71,48,2.6,18,5,5
Izmir,2,122.59,0.0,2.05,97.37,1.91,14.58,27.26,0.03,2025-05-10 19:00:00+00:00,1746903600,19.71,48,2.6,19,5,5
Izmir,2,122.78,0.0,2.13,92.97,1.95,12.18,22.98,0.04,2025-05-10 20:00:00+00:00,1746907200,19.71,48,2.6,20,5,5
Izmir,2,122.07,0.0,2.13,86.64,1.97,9.96,19.19,0.06,2025-05-10 21:00:00+00:00,1746910800,19.71,48,2.6,21,5,5
Izmir,2,121.28,0.0,2.1,79.84,2.02,7.97,16.11,0.07,2025-05-10 22:00:00+00:00,1746914400,19.71,48,2.6,22,5,5
Izmir,2,121.93,0.0,2.16,74.03,2.11,6.57,14.32,0.09,2025-05-10 23:00:00+00:00,1746918000,19.71,48,2.6,23,5,5
Izmir,2,123.31,0.0,2.28,69.69,2.2,5.69,13.35,0.11,2025-05-11 00:00:00+00:00,1746921600,19.71,48,2.6,0,6,5
Izmir,2,125.24,0.0,2.38,66.35,2.29,5.02,12.46,0.12,2025-05-11 01:00:00+00:00,1746925200,19.71,48,2.6,1,6,5
Izmir,2,127.46,0.0,2.5,64.32,2.34,4.5,11.65,0.15,2025-05-11 02:00:00+00:00,1746928800,19.71,48,2.6,2,6,5
Izmir,2,129.5,0.0,2.62,63.23,2.35,4.02,10.66,0.18,2025-05-11 03:00:00+00:00,1746932400,19.71,48,2.6,3,6,5
Izmir,2,130.83,0.02,2.82,63.15,2.3,3.48,9.25,0.21,2025-05-11 04:00:00+00:00,1746936000,19.71,48,2.6,4,6,5
Izmir,2,131.74,0.24,2.88,64.4,2.25,3.1,8.04,0.23,2025-05-11 05:00:00+00:00,1746939600,19.71,48,2.6,5,6,5
Izmir,2,131.92,0.53,2.61,67.14,2.22,2.99,7.31,0.23,2025-05-11 06:00:00+00:00,1746943200,19.71,48,2.6,6,6,5
Izmir,2,130.72,0.62,2.3,71.47,2.17,3.14,7.03,0.22,2025-05-11 07:00:00+00:00,1746946800,19.71,48,2.6,7,6,5
Izmir,2,129.33,0.5,1.79,78.87,2.08,3.59,7.24,0.18,2025-05-11 08:00:00+00:00,1746950400,19.71,48,2.6,8,6,5
Izmir,2,127.38,0.3,1.19,87.43,1.94,4.28,7.84,0.13,2025-05-11 09:00:00+00:00,1746954000,19.71,48,2.6,9,6,5
Izmir,2,125.2,0.16,0.73,93.99,1.82,4.85,8.56,0.09,2025-05-11 10:00:00+00:00,1746957600,19.71,48,2.6,10,6,5
Izmir,2,122.77,0.11,0.52,96.98,1.81,5.17,9.3,0.06,2025-05-11 11:00:00+00:00,1746961200,19.71,48,2.6,11,6,5
Izmir,2,120.62,0.09,0.45,98.49,1.95,5.46,10.11,0.05,2025-05-11 12:00:00+00:00,1746964800,19.71,48,2.6,12,6,5
Izmir,3,119.21,0.09,0.46,100.01,2.21,5.9,11.41,0.03,2025-05-11 13:00:00+00:00,1746968400,19.71,48,2.6,13,6,5
Izmir,3,118.18,0.09,0.52,101.53,2.51,6.54,13.18,0.02,2025-05-11 14:00:00+00:00,1746972000,19.71,48,2.6,14,6,5
Izmir,3,117.68,0.09,0.63,103.19,2.67,6.91,14.18,0.01,2025-05-11 15:00:00+00:00,1746975600,19.71,48,2.6,15,6,5
Izmir,3,118.07,0.07,0.83,104.61,2.73,6.95,14.32,0.02,2025-05-11 16:00:00+00:00,1746979200,19.71,48,2.6,16,6,5
Izmir,3,106.9,0.01,1.03,88.33,1.61,23.4,56.95,0.04,2025-05-09 17:00:00+00:00,1746810000,19.71,48,2.6,17,4,5
Izmir,3,107.12,0.0,1.07,86.59,1.66,24.11,56.1,0.03,2025-05-09 18:00:00+00:00,1746813600,19.71,48,2.6,18,4,5
Izmir,3,107.53,0.0,1.1,85.25,1.69,24.52,55.09,0.01,2025-05-09 19:00:00+00:00,1746817200,19.71,48,2.6,19,4,5
Izmir,3,107.5,0.0,1.13,84.07,1.73,24.72,53.79,0.0,2025-05-09 20:00:00+00:00,1746820800,19.71,48,2.6,20,4,5
Izmir,3,107.48,0.0,1.12,83.5,1.78,24.82,52.99,0.0,2025-05-09 21:00:00+00:00,1746824400,19.71,48,2.6,21,4,5
Izmir,3,107.4,0.0,1.11,82.96,1.84,25.13,51.91,0.0,2025-05-09 22:00:00+00:00,1746828000,19.71,48,2.6,22,4,5
Izmir,3,107.62,0.0,1.13,82.45,1.84,25.6,51.58,0.0,2025-05-09 23:00:00+00:00,1746831600,19.71,48,2.6,23,4,5
Izmir,3,108.03,0.0,1.14,82.01,1.78,26.04,51.85,0.0,2025-05-10 00:00:00+00:00,1746835200,19.71,48,2.6,0,5,5
Izmir,3,107.75,0.0,1.15,81.08,1.69,26.35,52.02,0.0,2025-05-10 01:00:00+00:00,1746838800,19.71,48,2.6,1,5,5
Izmir,3,107.51,0.0,1.19,80.12,1.61,26.55,52.08,0.0,2025-05-10 02:00:00+00:00,1746842400,19.71,48,2.6,2,5,5
Izmir,3,106.72,0.0,1.24,79.54,1.6,26.47,51.96,0.0,2025-05-10 03:00:00+00:00,1746846000,19.71,48,2.6,3,5,5
Izmir,3,106.49,0.0,1.3,79.81,1.63,26.2,52.18,0.0,2025-05-10 04:00:00+00:00,1746849600,19.71,48,2.6,4,5,5
Izmir,3,106.44,0.02,1.43,79.76,1.61,25.83,52.34,0.0,2025-05-10 05:00:00+00:00,1746853200,19.71,48,2.6,5,5,5
Izmir,3,107.2,0.06,1.48,80.03,1.57,25.64,52.87,0.0,2025-05-10 06:00:00+00:00,1746856800,19.71,48,2.6,6,5,5
Izmir,3,107.77,0.14,1.46,80.2,1.48,25.47,53.09,0.0,2025-05-10 07:00:00+00:00,1746860400,19.71,48,2.6,7,5,5
Izmir,3,107.61,0.2,1.31,80.6,1.37,25.29,52.78,0.04,2025-05-10 08:00:00+00:00,1746864000,19.71,48,2.6,8,5,5
Izmir,3,107.18,0.21,1.07,82.24,1.3,25.29,52.6,0.06,2025-05-10 09:00:00+00:00,1746867600,19.71,48,2.6,9,5,5
Izmir,3,107.12,0.17,0.81,85.04,1.26,25.69,52.78,0.03,2025-05-10 10:00:00+00:00,1746871200,19.71,48,2.6,10,5,5
Izmir,3,107.53,0.14,0.66,88.0,1.17,26.27,53.09,0.02,2025-05-10 11:00:00+00:00,1746874800,19.71,48,2.6,11,5,5
Izmir,3,108.2,0.13,0.62,90.51,1.1,26.81,53.38,0.03,2025-05-10 12:00:00+00:00,1746878400,19.71,48,2.6,12,5,5
Izmir,3,108.84,0.12,0.64,92.75,1.08,27.31,53.48,0.03,2025-05-10 13:00:00+00:00,1746882000,19.71,48,2.6,13,5,5
Izmir,3,110.53,0.12,0.74,95.67,1.13,27.62,53.14,0.03,2025-05-10 14:00:00+00:00,1746885600,19.71,48,2.6,14,5,5
Izmir,3,113.21,0.12,0.96,98.2,1.28,26.96,51.16,0.02,2025-05-10 15:00:00+00:00,1746889200,19.71,48,2.6,15,5,5
Izmir,2,116.61,0.09,1.32,99.87,1.49,24.72,46.48,0.0,2025-05-10 16:00:00+00:00,1746892800,19.71,48,2.6,16,5,5
Izmir,3,110.5,0.02,1.23,91.63,1.23,24.63,61.91,0.11,2025-05-08 17:00:00+00:00,1746723600,19.71,48,2.6,17,3,5
Izmir,3,110.84,0.0,1.37,89.53,1.22,24.49,62.13,0.15,2025-05-08 18:00:00+00:00,1746727200,19.71,48,2.6,18,3,5
Izmir,3,110.73,0.0,1.46,86.89,1.21,24.2,61.34,0.2,2025-05-08 19:00:00+00:00,1746730800,19.71,48,2.6,19,3,5
Izmir,3,110.81,0.0,1.57,84.01,1.17,23.79,59.36,0.24,2025-05-08 20:00:00+00:00,1746734400,19.71,48,2.6,20,3,5
Izmir,3,110.52,0.0,1.68,81.21,1.13,23.27,57.2,0.25,2025-05-08 21:00:00+00:00,1746738000,19.71,48,2.6,21,3,5
Izmir,3,109.94,0.0,1.77,78.23,1.09,22.67,55.03,0.25,2025-05-08 22:00:00+00:00,1746741600,19.71,48,2.6,22,3,5
Izmir,3,109.44,0.0,1.89,75.63,1.06,21.89,52.49,0.28,2025-05-08 23:00:00+00:00,1746745200,19.71,48,2.6,23,3,5
Izmir,2,108.75,0.0,2.02,73.57,1.07,20.81,50.0,0.34,2025-05-09 00:00:00+00:00,1746748800,19.71,48,2.6,0,4,5
Izmir,2,108.22,0.0,2.13,72.11,1.09,19.56,48.33,0.38,2025-05-09 01:00:00+00:00,1746752400,19.71,48,2.6,1,4,5
Izmir,2,108.03,0.0,2.22,71.09,1.1,18.38,47.65,0.41,2025-05-09 02:00:00+00:00,1746756000,19.71,48,2.6,2,4,5
Izmir,2,108.02,0.0,2.29,70.46,1.13,17.25,47.57,0.43,2025-05-09 03:00:00+00:00,1746759600,19.71,48,2.6,3,4,5
Izmir,2,108.18,0.01,2.39,70.76,1.19,16.34,48.16,0.45,2025-05-09 04:00:00+00:00,1746763200,19.71,48,2.6,4,4,5
Izmir,2,108.24,0.13,2.45,72.21,1.28,15.8,49.27,0.48,2025-05-09 05:00:00+00:00,1746766800,19.71,48,2.6,5,4,5
Izmir,3,108.48,0.33,2.23,74.59,1.43,15.75,50.7,0.52,2025-05-09 06:00:00+00:00,1746770400,19.71,48,2.6,6,4,5
Izmir,3,108.51,0.38,1.89,79.26,1.59,16.14,52.97,0.54,2025-05-09 07:00:00+00:00,1746774000,19.71,48,2.6,7,4,5
Izmir,3,107.87,0.3,1.42,85.29,1.64,16.89,55.01,0.52,2025-05-09 08:00:00+00:00,1746777600,19.71,48,2.6,8,4,5
Izmir,3,106.79,0.2,0.98,90.84,1.56,17.77,56.47,0.47,2025-05-09 09:00:00+00:00,1746781200,19.71,48,2.6,9,4,5
Izmir,3,105.94,0.14,0.71,94.19,1.45,18.53,57.04,0.34,2025-05-09 10:00:00+00:00,1746784800,19.71,48,2.6,10,4,5
Izmir,3,105.77,0.11,0.6,95.05,1.39,19.15,56.29,0.24,2025-05-09 11:00:00+00:00,1746788400,19.71,48,2.6,11,4,5
Izmir,3,106.24,0.1,0.57,95.28,1.39,19.77,56.73,0.2,2025-05-09 12:00:00+00:00,1746792000,19.71,48,2.6,12,4,5
Izmir,3,106.91,0.1,0.59,95.01,1.43,20.44,58.13,0.2,2025-05-09 13:00:00+00:00,1746795600,19.71,48,2.6,13,4,5
Izmir,3,106.62,0.09,0.65,92.69,1.47,20.97,59.06,0.22,2025-05-09 14:00:00+00:00,1746799200,19.71,48,2.6,14,4,5
Izmir,3,105.98,0.08,0.74,89.99,1.5,21.54,59.98,0.2,2025-05-09 15:00:00+00:00,1746802800,19.71,48,2.6,15,4,5
Izmir,3,106.17,0.05,0.87,88.55,1.54,22.31,60.81,0.12,2025-05-09 16:00:00+00:00,1746806400,19.71,48,2.6,16,4,5
Izmir,2,107.81,0.0,0.93,90.56,1.42,13.5,37.08,0.37,2025-05-07 17:00:00+00:00,1746637200,19.71,48,2.6,17,2,5
Izmir,2,107.95,0.0,0.98,88.2,1.44,13.79,37.59,0.35,2025-05-07 18:00:00+00:00,1746640800,19.71,48,2.6,18,2,5
Izmir,2,107.9,0.0,1.04,86.53,1.46,14.01,38.01,0.35,2025-05-07 19:00:00+00:00,1746644400,19.71,48,2.6,19,2,5
Izmir,2,108.12,0.0,1.11,85.87,1.49,14.12,38.12,0.39,2025-05-07 20:00:00+00:00,1746648000,19.71,48,2.6,20,2,5
Izmir,2,108.52,0.0,1.19,85.75,1.51,14.13,38.24,0.42,2025-05-07 21:00:00+00:00,1746651600,19.71,48,2.6,21,2,5
Izmir,2,108.71,0.0,1.24,85.44,1.51,14.15,38.37,0.44,2025-05-07 22:00:00+00:00,1746655200,19.71,48,2.6,22,2,5
Izmir,2,109.05,0.0,1.25,85.04,1.49,14.34,38.93,0.44,2025-05-07 23:00:00+00:00,1746658800,19.71,48,2.6,23,2,5
Izmir,2,109.3,0.0,1.26,84.49,1.45,14.53,39.46,0.45,2025-05-08 00:00:00+00:00,1746662400,19.71,48,2.6,0,3,5
Izmir,2,109.59,0.0,1.28,83.43,1.41,14.86,39.96,0.44,2025-05-08 01:00:00+00:00,1746666000,19.71,48,2.6,1,3,5
Izmir,2,109.46,0.0,1.3,82.09,1.38,15.25,40.16,0.45,2025-05-08 02:00:00+00:00,1746669600,19.71,48,2.6,2,3,5
Izmir,2,109.24,0.0,1.3,81.3,1.34,15.66,40.2,0.46,2025-05-08 03:00:00+00:00,1746673200,19.71,48,2.6,3,3,5
Izmir,2,109.09,0.0,1.33,81.8,1.33,16.08,40.59,0.48,2025-05-08 04:00:00+00:00,1746676800,19.71,48,2.6,4,3,5
Izmir,2,108.55,0.05,1.38,83.11,1.34,16.4,41.59,0.46,2025-05-08 05:00:00+00:00,1746680400,19.71,48,2.6,5,3,5
Izmir,2,107.74,0.15,1.23,85.57,1.38,16.91,43.62,0.41,2025-05-08 06:00:00+00:00,1746684000,19.71,48,2.6,6,3,5
Izmir,2,107.55,0.17,1.0,89.49,1.5,17.8,45.9,0.3,2025-05-08 07:00:00+00:00,1746687600,19.71,48,2.6,7,3,5
Izmir,2,107.81,0.14,0.76,93.56,1.57,19.03,47.84,0.17,2025-05-08 08:00:00+00:00,1746691200,19.71,48,2.6,8,3,5
Izmir,2,108.43,0.11,0.58,96.79,1.58,20.36,49.68,0.07,2025-05-08 09:00:00+00:00,1746694800,19.71,48,2.6,9,3,5
Izmir,3,108.87,0.09,0.47,98.09,1.52,21.63,51.01,0.0,2025-05-08 10:00:00+00:00,1746698400,19.71,48,2.6,10,3,5
Izmir,3,108.86,0.08,0.43,97.7,1.46,22.78,52.17,0.0,2025-05-08 11:00:00+00:00,1746702000,19.71,48,2.6,11,3,5
Izmir,3,109.12,0.08,0.42,96.77,1.41,23.66,53.76,0.0,2025-05-08 12:00:00+00:00,1746705600,19.71,48,2.6,12,3,5
Izmir,3,109.3,0.08,0.46,95.84,1.37,24.21,55.54,0.0,2025-05-08 13:00:00+00:00,1746709200,19.71,48,2.6,13,3,5
Izmir,3,109.58,0.09,0.54,95.31,1.34,24.61,57.63,0.0,2025-05-08 14:00:00+00:00,1746712800,19.71,48,2.6,14,3,5
Izmir,3,109.94,0.1,0.68,94.55,1.3,24.8,59.72,0.01,2025-05-08 15:00:00+00:00,1746716400,19.71,48,2.6,15,3,5
Izmir,3,110.25,0.08,0.91,93.5,1.26,24.75,61.29,0.06,2025-05-08 16:00:00+00:00,1746720000,19.71,48,2.6,16,3,5
Bursa,2,111.55,0.04,1.87,79.31,0.89,3.27,4.02,2.94,2025-05-11 17:00:00+00:00,1746982800,15.5,61,2.29,17,6,5
Bursa,2,113.18,0.0,2.2,74.18,0.78,3.54,4.39,3.22,2025-05-11 18:00:00+00:00,1746986400,15.5,61,2.29,18,6,5
Bursa,2,112.82,0.0,2.47,65.44,0.55,3.69,4.67,3.02,2025-05-11 19:00:00+00:00,1746990000,15.5,61,2.29,19,6,5
Bursa,1,113.42,0.0,2.84,56.15,0.36,3.86,4.96,2.73,2025-05-11 20:00:00+00:00,1746993600,15.5,61,2.29,20,6,5
Bursa,1,113.44,0.0,3.0,48.33,0.23,3.98,5.16,2.52,2025-05-11 21:00:00+00:00,1746997200,15.5,61,2.29,21,6,5
Bursa,1,111.8,0.0,2.89,43.57,0.24,4.05,5.3,3.88,2025-05-11 22:00:00+00:00,1747000800,15.5,61,2.29,22,6,5
Bursa,1,111.34,0.0,2.72,43.48,0.32,4.31,5.66,6.05,2025-05-11 23:00:00+00:00,1747004400,15.5,61,2.29,23,6,5
Bursa,1,111.22,0.0,2.57,44.22,0.39,4.61,6.04,7.62,2025-05-12 00:00:00+00:00,1747008000,15.5,61,2.29,0,0,5
Bursa,1,111.37,0.0,2.45,44.96,0.46,4.97,6.46,9.05,2025-05-12 01:00:00+00:00,1747011600,15.5,61,2.29,1,0,5
Bursa,1,111.55,0.0,2.37,45.21,0.5,5.39,6.93,10.11,2025-05-12 02:00:00+00:00,1747015200,15.5,61,2.29,2,0,5
Bursa,1,111.55,0.0,2.42,44.11,0.52,5.81,7.4,10.33,2025-05-12 03:00:00+00:00,1747018800,15.5,61,2.29,3,0,5
Bursa,1,111.26,0.06,2.84,40.47,0.37,6.09,7.66,4.45,2025-05-12 04:00:00+00:00,1747022400,15.5,61,2.29,4,0,5
Bursa,1,112.33,0.65,3.11,37.71,0.37,5.74,7.25,3.54,2025-05-12 05:00:00+00:00,1747026000,15.5,61,2.29,5,0,5
Bursa,1,112.98,1.31,2.94,39.23,0.49,5.4,6.84,4.85,2025-05-12 06:00:00+00:00,1747029600,15.5,61,2.29,6,0,5
Bursa,2,112.48,0.27,1.05,84.51,1.69,6.37,7.35,1.83,2025-05-12 07:00:00+00:00,1747033200,15.5,61,2.29,7,0,5
Bursa,2,110.64,0.18,0.71,89.34,1.73,6.05,6.97,1.81,2025-05-12 08:00:00+00:00,1747036800,15.5,61,2.29,8,0,5
Bursa,2,109.13,0.13,0.54,91.44,1.62,6.31,7.19,1.97,2025-05-12 09:00:00+00:00,1747040400,15.5,61,2.29,9,0,5
Bursa,2,107.26,0.08,0.36,96.2,1.09,4.52,5.09,1.39,2025-05-12 10:00:00+00:00,1747044000,15.5,61,2.29,10,0,5
Bursa,2,105.04,0.06,0.29,96.72,0.75,3.39,3.78,1.07,2025-05-12 11:00:00+00:00,1747047600,15.5,61,2.29,11,0,5
Bursa,2,104.11,0.06,0.29,96.68,0.68,3.28,3.62,1.03,2025-05-12 12:00:00+00:00,1747051200,15.5,61,2.29,12,0,5
Bursa,2,104.46,0.07,0.36,97.67,0.74,3.45,3.8,1.1,2025-05-12 13:00:00+00:00,1747054800,15.5,61,2.29,13,0,5
Bursa,2,105.1,0.07,0.53,98.44,0.86,3.73,4.1,1.28,2025-05-12 14:00:00+00:00,1747058400,15.5,61,2.29,14,0,5
Bursa,2,105.58,0.06,0.78,99.13,0.98,3.82,4.2,1.43,2025-05-12 15:00:00+00:00,1747062000,15.5,61,2.29,15,0,5
Bursa,2,106.87,0.03,1.28,96.98,1.1,3.87,4.31,1.88,2025-05-12 16:00:00+00:00,1747065600,15.5,61,2.29,16,0,5
Bursa,2,115.57,0.04,3.11,69.82,1.29,7.56,9.78,3.06,2025-05-10 17:00:00+00:00,1746896400,15.5,61,2.29,17,5,5
Bursa,2,118.35,0.0,3.65,63.73,1.04,7.09,9.01,3.33,2025-05-10 18:00:00+00:00,1746900000,15.5,61,2.29,18,5,5
Bursa,1,118.36,0.0,3.89,57.56,0.85,6.41,8.08,3.42,2025-05-10 19:00:00+00:00,1746903600,15.5,61,2.29,19,5,5
Bursa,1,119.14,0.0,4.02,51.09,0.68,5.6,7.05,2.96,2025-05-10 20:00:00+00:00,1746907200,15.5,61,2.29,20,5,5
Bursa,1,119.25,0.0,3.94,45.76,0.52,4.66,5.85,2.01,2025-05-10 21:00:00+00:00,1746910800,15.5,61,2.29,21,5,5
Bursa,1,117.6,0.0,3.54,41.23,0.37,3.8,4.77,1.33,2025-05-10 22:00:00+00:00,1746914400,15.5,61,2.29,22,5,5
Bursa,1,116.77,0.0,3.23,36.1,0.24,3.28,4.17,1.39,2025-05-10 23:00:00+00:00,1746918000,15.5,61,2.29,23,5,5
Bursa,1,115.85,0.0,2.97,32.0,0.17,2.99,3.85,1.69,2025-05-11 00:00:00+00:00,1746921600,15.5,61,2.29,0,6,5
Bursa,1,114.9,0.0,2.77,29.21,0.15,3.05,3.89,2.12,2025-05-11 01:00:00+00:00,1746925200,15.5,61,2.29,1,6,5
Bursa,1,114.74,0.0,2.67,27.55,0.17,3.17,3.95,2.42,2025-05-11 02:00:00+00:00,1746928800,15.5,61,2.29,2,6,5
Bursa,1,114.99,0.0,2.7,26.42,0.2,3.33,4.05,2.69,2025-05-11 03:00:00+00:00,1746932400,15.5,61,2.29,3,6,5
Bursa,1,115.67,0.01,3.06,26.53,0.28,3.44,4.15,2.61,2025-05-11 04:00:00+00:00,1746936000,15.5,61,2.29,4,6,5
Bursa,1,117.25,0.19,3.55,27.29,0.38,3.16,3.94,2.03,2025-05-11 05:00:00+00:00,1746939600,15.5,61,2.29,5,6,5
Bursa,1,118.41,0.57,3.37,29.39,0.47,2.6,3.42,1.8,2025-05-11 06:00:00+00:00,1746943200,15.5,61,2.29,6,6,5
Bursa,1,119.48,0.45,2.68,44.55,0.82,2.98,3.85,1.39,2025-05-11 07:00:00+00:00,1746946800,15.5,61,2.29,7,6,5
Bursa,1,118.61,0.41,2.37,50.98,1.0,2.73,3.66,1.5,2025-05-11 08:00:00+00:00,1746950400,15.5,61,2.29,8,6,5
Bursa,1,117.42,0.35,2.1,54.9,1.12,2.71,3.63,1.62,2025-05-11 09:00:00+00:00,1746954000,15.5,61,2.29,9,6,5
Bursa,2,114.87,0.26,1.27,69.62,1.01,2.99,4.08,1.31,2025-05-11 10:00:00+00:00,1746957600,15.5,61,2.29,10,6,5
Bursa,2,111.71,0.18,0.76,78.17,0.91,3.17,4.23,1.19,2025-05-11 11:00:00+00:00,1746961200,15.5,61,2.29,11,6,5
Bursa,2,109.05,0.14,0.53,82.91,0.87,3.17,4.09,1.16,2025-05-11 12:00:00+00:00,1746964800,15.5,61,2.29,12,6,5
Bursa,2,107.93,0.11,0.46,86.71,0.89,3.07,3.88,1.21,2025-05-11 13:00:00+00:00,1746968400,15.5,61,2.29,13,6,5
Bursa,2,107.7,0.1,0.53,88.75,0.93,2.99,3.72,1.33,2025-05-11 14:00:00+00:00,1746972000,15.5,61,2.29,14,6,5
Bursa,2,108.04,0.09,0.66,90.09,0.97,2.89,3.54,1.45,2025-05-11 15:00:00+00:00,1746975600,15.5,61,2.29,15,6,5
Bursa,2,109.27,0.11,1.13,86.22,0.96,2.99,3.65,2.08,2025-05-11 16:00:00+00:00,1746979200,15.5,61,2.29,16,6,5
Bursa,2,99.39,0.05,4.48,78.39,2.53,9.78,32.38,5.58,2025-05-09 17:00:00+00:00,1746810000,15.5,61,2.29,17,4,5
Bursa,2,102.48,0.0,5.55,73.69,2.56,10.22,32.97,8.46,2025-05-09 18:00:00+00:00,1746813600,15.5,61,2.29,18,4,5
Bursa,2,103.78,0.0,6.07,70.28,2.53,10.38,32.98,10.94,2025-05-09 19:00:00+00:00,1746817200,15.5,61,2.29,19,4,5
Bursa,2,104.98,0.0,6.34,67.47,2.42,10.53,33.52,12.64,2025-05-09 20:00:00+00:00,1746820800,15.5,61,2.29,20,4,5
Bursa,2,104.65,0.0,6.1,63.62,2.16,10.77,34.48,13.15,2025-05-09 21:00:00+00:00,1746824400,15.5,61,2.29,21,4,5
Bursa,2,103.15,0.0,5.21,57.47,1.64,10.9,35.65,11.33,2025-05-09 22:00:00+00:00,1746828000,15.5,61,2.29,22,4,5
Bursa,2,101.78,0.0,4.32,52.45,1.22,11.14,37.07,9.6,2025-05-09 23:00:00+00:00,1746831600,15.5,61,2.29,23,4,5
Bursa,2,100.4,0.0,3.61,48.56,0.92,11.41,38.19,8.34,2025-05-10 00:00:00+00:00,1746835200,15.5,61,2.29,0,5,5
Bursa,2,98.85,0.0,3.06,45.74,0.73,11.56,38.84,7.55,2025-05-10 01:00:00+00:00,1746838800,15.5,61,2.29,1,5,5
Bursa,2,98.05,0.0,2.71,43.97,0.61,11.7,39.41,7.18,2025-05-10 02:00:00+00:00,1746842400,15.5,61,2.29,2,5,5
Bursa,2,97.48,0.0,2.6,43.24,0.58,11.82,40.25,7.02,2025-05-10 03:00:00+00:00,1746846000,15.5,61,2.29,3,5,5
Bursa,2,97.53,0.03,2.97,43.37,0.72,11.81,40.79,6.67,2025-05-10 04:00:00+00:00,1746849600,15.5,61,2.29,4,5,5
Bursa,2,98.77,0.3,3.48,43.94,1.02,11.64,39.8,6.07,2025-05-10 05:00:00+00:00,1746853200,15.5,61,2.29,5,5,5
Bursa,2,99.85,0.53,3.58,47.5,1.39,11.24,36.76,5.38,2025-05-10 06:00:00+00:00,1746856800,15.5,61,2.29,6,5,5
Bursa,2,99.88,0.35,2.87,61.03,1.84,9.87,30.7,3.89,2025-05-10 07:00:00+00:00,1746860400,15.5,61,2.29,7,5,5
Bursa,2,99.92,0.29,2.16,67.49,1.77,8.16,23.18,2.91,2025-05-10 08:00:00+00:00,1746864000,15.5,61,2.29,8,5,5
Bursa,2,100.13,0.2,1.49,74.3,1.85,6.59,16.2,2.05,2025-05-10 09:00:00+00:00,1746867600,15.5,61,2.29,9,5,5
Bursa,2,99.7,0.1,0.91,81.27,2.16,4.81,10.55,1.22,2025-05-10 10:00:00+00:00,1746871200,15.5,61,2.29,10,5,5
Bursa,2,100.25,0.1,0.73,82.87,2.66,4.94,9.91,1.12,2025-05-10 11:00:00+00:00,1746874800,15.5,61,2.29,11,5,5
Bursa,2,100.8,0.1,0.66,84.11,2.88,5.95,10.75,1.07,2025-05-10 12:00:00+00:00,1746878400,15.5,61,2.29,12,5,5
Bursa,2,103.77,0.1,0.69,86.32,2.84,7.21,11.77,1.15,2025-05-10 13:00:00+00:00,1746882000,15.5,61,2.29,13,5,5
Bursa,2,107.17,0.13,0.88,86.94,2.62,8.26,12.39,1.39,2025-05-10 14:00:00+00:00,1746885600,15.5,61,2.29,14,5,5
Bursa,2,110.09,0.16,1.2,85.76,2.19,8.36,11.76,1.59,2025-05-10 15:00:00+00:00,1746889200,15.5,61,2.29,15,5,5
Bursa,2,112.57,0.16,2.01,78.57,1.68,7.96,10.63,2.26,2025-05-10 16:00:00+00:00,1746892800,15.5,61,2.29,16,5,5
Bursa,2,98.55,0.03,1.9,95.52,2.77,14.04,46.13,2.02,2025-05-08 17:00:00+00:00,1746723600,15.5,61,2.29,17,3,5
Bursa,2,100.78,0.0,2.35,92.07,2.85,14.67,46.52,2.37,2025-05-08 18:00:00+00:00,1746727200,15.5,61,2.29,18,3,5
Bursa,2,101.36,0.0,2.8,84.37,2.57,15.03,45.1,3.0,2025-05-08 19:00:00+00:00,1746730800,15.5,61,2.29,19,3,5
Bursa,2,103.13,0.0,3.33,76.44,2.12,15.48,44.22,3.8,2025-05-08 20:00:00+00:00,1746734400,15.5,61,2.29,20,3,5
Bursa,2,104.18,0.0,3.51,70.64,1.81,15.91,44.65,4.33,2025-05-08 21:00:00+00:00,1746738000,15.5,61,2.29,21,3,5
Bursa,2,103.08,0.0,3.22,65.58,1.56,16.15,45.43,4.59,2025-05-08 22:00:00+00:00,1746741600,15.5,61,2.29,22,3,5
Bursa,2,102.54,0.0,2.77,61.22,1.26,16.37,46.45,4.95,2025-05-08 23:00:00+00:00,1746745200,15.5,61,2.29,23,3,5
Bursa,2,101.82,0.0,2.34,57.62,1.04,16.47,47.57,5.19,2025-05-09 00:00:00+00:00,1746748800,15.5,61,2.29,0,4,5
Bursa,2,100.45,0.0,1.98,54.51,0.89,16.52,48.51,5.31,2025-05-09 01:00:00+00:00,1746752400,15.5,61,2.29,1,4,5
Bursa,2,99.82,0.0,1.8,51.81,0.79,16.58,49.33,5.42,2025-05-09 02:00:00+00:00,1746756000,15.5,61,2.29,2,4,5
Bursa,3,99.67,0.0,1.86,49.32,0.71,16.63,50.02,5.39,2025-05-09 03:00:00+00:00,1746759600,15.5,61,2.29,3,4,5
Bursa,3,100.04,0.04,2.56,46.33,0.75,16.51,50.07,5.28,2025-05-09 04:00:00+00:00,1746763200,15.5,61,2.29,4,4,5
Bursa,3,101.79,0.53,3.36,44.61,0.91,16.39,50.31,5.2,2025-05-09 05:00:00+00:00,1746766800,15.5,61,2.29,5,4,5
Bursa,3,103.2,1.12,3.48,47.78,1.11,16.41,51.5,5.13,2025-05-09 06:00:00+00:00,1746770400,15.5,61,2.29,6,4,5
Bursa,3,101.57,0.52,1.93,75.53,1.85,16.74,55.56,2.97,2025-05-09 07:00:00+00:00,1746774000,15.5,61,2.29,7,4,5
Bursa,3,99.62,0.25,1.04,86.49,2.26,16.52,53.44,2.23,2025-05-09 08:00:00+00:00,1746777600,15.5,61,2.29,8,4,5
Bursa,3,98.32,0.16,0.69,92.46,3.01,16.4,50.99,1.92,2025-05-09 09:00:00+00:00,1746781200,15.5,61,2.29,9,4,5
Bursa,2,96.67,0.09,0.41,99.47,3.09,11.73,34.35,1.18,2025-05-09 10:00:00+00:00,1746784800,15.5,61,2.29,10,4,5
Bursa,2,94.18,0.07,0.36,99.09,2.33,8.28,24.07,1.08,2025-05-09 11:00:00+00:00,1746788400,15.5,61,2.29,11,4,5
Bursa,2,92.98,0.07,0.37,98.99,2.01,7.69,24.32,1.02,2025-05-09 12:00:00+00:00,1746792000,15.5,61,2.29,12,4,5
Bursa,2,92.84,0.08,0.46,98.99,1.96,7.89,27.58,0.94,2025-05-09 13:00:00+00:00,1746795600,15.5,61,2.29,13,4,5
Bursa,2,92.94,0.12,0.72,98.19,2.26,8.2,29.68,1.06,2025-05-09 14:00:00+00:00,1746799200,15.5,61,2.29,14,4,5
Bursa,2,93.52,0.13,1.07,96.78,2.56,8.61,31.64,1.27,2025-05-09 15:00:00+00:00,1746802800,15.5,61,2.29,15,4,5
Bursa,2,95.69,0.16,2.45,87.91,2.58,9.2,32.1,2.82,2025-05-09 16:00:00+00:00,1746806400,15.5,61,2.29,16,4,5
Bursa,2,104.39,0.02,1.86,91.97,2.24,11.76,38.17,2.33,2025-05-07 17:00:00+00:00,1746637200,15.5,61,2.29,17,2,5
Bursa,2,105.84,0.0,1.99,89.74,2.4,11.83,38.95,2.53,2025-05-07 18:00:00+00:00,1746640800,15.5,61,2.29,18,2,5
Bursa,2,105.68,0.0,2.21,83.61,2.32,11.87,38.24,2.91,2025-05-07 19:00:00+00:00,1746644400,15.5,61,2.29,19,2,5
Bursa,2,106.7,0.0,2.62,76.63,2.06,12.15,38.28,3.57,2025-05-07 20:00:00+00:00,1746648000,15.5,61,2.29,20,2,5
Bursa,2,106.98,0.0,2.69,72.16,1.83,12.5,39.71,3.99,2025-05-07 21:00:00+00:00,1746651600,15.5,61,2.29,21,2,5
Bursa,2,105.92,0.0,2.36,68.69,1.57,12.82,41.25,4.37,2025-05-07 22:00:00+00:00,1746655200,15.5,61,2.29,22,2,5
Bursa,2,105.22,0.0,2.01,64.48,1.27,13.08,41.79,4.83,2025-05-07 23:00:00+00:00,1746658800,15.5,61,2.29,23,2,5
Bursa,2,104.68,0.0,1.73,60.05,1.0,13.25,41.95,5.21,2025-05-08 00:00:00+00:00,1746662400,15.5,61,2.29,0,3,5
Bursa,2,103.94,0.0,1.53,55.95,0.8,13.28,41.74,5.42,2025-05-08 01:00:00+00:00,1746666000,15.5,61,2.29,1,3,5
Bursa,2,103.34,0.0,1.45,52.53,0.66,13.13,41.03,5.42,2025-05-08 02:00:00+00:00,1746669600,15.5,61,2.29,2,3,5
Bursa,2,103.23,0.0,1.57,49.63,0.59,12.74,39.61,5.33,2025-05-08 03:00:00+00:00,1746673200,15.5,61,2.29,3,3,5
Bursa,2,103.75,0.01,2.32,46.5,0.58,12.48,38.62,5.22,2025-05-08 04:00:00+00:00,1746676800,15.5,61,2.29,4,3,5
Bursa,2,105.29,0.35,3.33,44.36,0.67,12.45,38.53,5.07,2025-05-08 05:00:00+00:00,1746680400,15.5,61,2.29,5,3,5
Bursa,2,106.17,0.98,3.29,47.42,0.76,12.42,38.4,4.87,2025-05-08 06:00:00+00:00,1746684000,15.5,61,2.29,6,3,5
Bursa,2,102.41,0.36,1.39,79.8,0.86,10.75,38.04,2.32,2025-05-08 07:00:00+00:00,1746687600,15.5,61,2.29,7,3,5
Bursa,2,99.95,0.17,0.72,89.82,1.05,10.64,39.89,1.96,2025-05-08 08:00:00+00:00,1746691200,15.5,61,2.29,8,3,5
Bursa,2,98.71,0.12,0.51,94.8,1.56,12.22,46.39,2.34,2025-05-08 09:00:00+00:00,1746694800,15.5,61,2.29,9,3,5
Bursa,3,97.87,0.09,0.39,99.4,1.95,14.88,57.23,2.33,2025-05-08 10:00:00+00:00,1746698400,15.5,61,2.29,10,3,5
Bursa,3,96.69,0.09,0.39,100.13,2.0,15.74,59.14,2.35,2025-05-08 11:00:00+00:00,1746702000,15.5,61,2.29,11,3,5
Bursa,3,95.67,0.08,0.4,100.39,2.0,15.47,57.39,2.11,2025-05-08 12:00:00+00:00,1746705600,15.5,61,2.29,12,3,5
Bursa,3,95.55,0.09,0.46,101.43,2.08,14.75,54.05,1.8,2025-05-08 13:00:00+00:00,1746709200,15.5,61,2.29,13,3,5
Bursa,3,95.67,0.11,0.61,101.9,2.25,14.1,50.79,1.7,2025-05-08 14:00:00+00:00,1746712800,15.5,61,2.29,14,3,5
Bursa,3,96.03,0.13,0.85,101.55,2.44,13.68,48.49,1.58,2025-05-08 15:00:00+00:00,1746716400,15.5,61,2.29,15,3,5
Bursa,2,96.75,0.11,1.25,99.21,2.63,13.64,46.8,1.66,2025-05-08 16:00:00+00:00,1746720000,15.5,61,2.29,16,3,5
Antalya,3,112.83,0.01,1.0,104.99,2.05,24.09,55.42,0.0,2025-05-11 17:00:00+00:00,1746982800,22.4,62,3.17,17,6,5
Antalya,3,115.18,0.0,1.02,105.09,1.88,19.13,40.7,0.0,2025-05-11 18:00:00+00:00,1746986400,22.4,62,3.17,18,6,5
Antalya,3,116.4,0.0,1.03,104.37,1.71,14.88,30.01,0.02,2025-05-11 19:00:00+00:00,1746990000,22.4,62,3.17,19,6,5
Antalya,3,117.02,0.0,1.02,103.6,1.62,11.96,23.98,0.1,2025-05-11 20:00:00+00:00,1746993600,22.4,62,3.17,20,6,5
Antalya,3,117.55,0.0,1.01,102.98,1.63,10.58,21.91,0.17,2025-05-11 21:00:00+00:00,1746997200,22.4,62,3.17,21,6,5
Antalya,3,117.8,0.0,0.97,101.97,1.69,10.37,22.32,0.19,2025-05-11 22:00:00+00:00,1747000800,22.4,62,3.17,22,6,5
Antalya,3,118.4,0.0,0.92,101.02,1.77,10.56,23.14,0.22,2025-05-11 23:00:00+00:00,1747004400,22.4,62,3.17,23,6,5
Antalya,3,118.82,0.0,0.87,100.15,1.84,10.81,23.78,0.25,2025-05-12 00:00:00+00:00,1747008000,22.4,62,3.17,0,0,5
Antalya,2,118.9,0.0,0.85,99.07,1.91,10.7,23.33,0.35,2025-05-12 01:00:00+00:00,1747011600,22.4,62,3.17,1,0,5
Antalya,2,118.55,0.0,0.86,97.54,2.01,10.17,21.75,0.45,2025-05-12 02:00:00+00:00,1747015200,22.4,62,3.17,2,0,5
Antalya,2,118.29,0.0,0.88,96.4,2.17,9.65,20.21,0.48,2025-05-12 03:00:00+00:00,1747018800,22.4,62,3.17,3,0,5
Antalya,2,118.16,0.01,1.03,95.83,2.36,9.41,19.39,0.49,2025-05-12 04:00:00+00:00,1747022400,22.4,62,3.17,4,0,5
Antalya,2,117.81,0.05,1.25,95.07,2.56,9.34,19.03,0.43,2025-05-12 05:00:00+00:00,1747026000,22.4,62,3.17,5,0,5
Antalya,2,117.91,0.13,1.4,95.23,2.73,9.34,18.85,0.32,2025-05-12 06:00:00+00:00,1747029600,22.4,62,3.17,6,0,5
Antalya,2,117.9,0.19,1.33,97.52,2.79,9.38,18.66,0.26,2025-05-12 07:00:00+00:00,1747033200,22.4,62,3.17,7,0,5
Antalya,3,116.97,0.17,1.01,102.02,2.7,9.11,17.86,0.22,2025-05-12 08:00:00+00:00,1747036800,22.4,62,3.17,8,0,5
Antalya,3,115.23,0.13,0.73,106.22,2.56,8.57,16.63,0.2,2025-05-12 09:00:00+00:00,1747040400,22.4,62,3.17,9,0,5
Antalya,3,114.18,0.1,0.61,108.76,2.48,8.04,15.19,0.18,2025-05-12 10:00:00+00:00,1747044000,22.4,62,3.17,10,0,5
Antalya,3,114.24,0.08,0.59,110.1,2.51,7.74,14.52,0.17,2025-05-12 11:00:00+00:00,1747047600,22.4,62,3.17,11,0,5
Antalya,3,113.95,0.07,0.61,111.14,2.49,7.36,13.95,0.16,2025-05-12 12:00:00+00:00,1747051200,22.4,62,3.17,12,0,5
Antalya,3,113.88,0.07,0.65,112.15,2.41,6.96,13.43,0.17,2025-05-12 13:00:00+00:00,1747054800,22.4,62,3.17,13,0,5
Antalya,3,114.14,0.07,0.67,112.83,2.27,6.75,13.53,0.17,2025-05-12 14:00:00+00:00,1747058400,22.4,62,3.17,14,0,5
Antalya,3,114.3,0.07,0.74,113.04,2.07,6.73,14.33,0.18,2025-05-12 15:00:00+00:00,1747062000,22.4,62,3.17,15,0,5
Antalya,3,114.16,0.05,0.85,112.23,1.88,6.62,15.23,0.19,2025-05-12 16:00:00+00:00,1747065600,22.4,62,3.17,16,0,5
Antalya,3,104.45,0.0,1.39,70.27,0.5,20.13,63.31,0.0,2025-05-10 17:00:00+00:00,1746896400,22.4,62,3.17,17,5,5
Antalya,3,104.47,0.0,1.43,68.91,0.51,20.3,62.76,0.0,2025-05-10 18:00:00+00:00,1746900000,22.4,62,3.17,18,5,5
Antalya,3,104.69,0.0,1.4,67.93,0.53,20.57,62.48,0.0,2025-05-10 19:00:00+00:00,1746903600,22.4,62,3.17,19,5,5
Antalya,3,105.36,0.0,1.37,66.89,0.53,20.85,62.08,0.0,2025-05-10 20:00:00+00:00,1746907200,22.4,62,3.17,20,5,5
Antalya,3,106.04,0.0,1.39,65.69,0.53,21.09,61.47,0.0,2025-05-10 21:00:00+00:00,1746910800,22.4,62,3.17,21,5,5
Antalya,3,106.7,0.0,1.37,64.48,0.54,21.35,60.89,0.0,2025-05-10 22:00:00+00:00,1746914400,22.4,62,3.17,22,5,5
Antalya,3,107.51,0.0,1.32,64.1,0.55,21.79,60.8,0.0,2025-05-10 23:00:00+00:00,1746918000,22.4,62,3.17,23,5,5
Antalya,3,108.59,0.0,1.27,64.18,0.57,22.48,61.37,0.0,2025-05-11 00:00:00+00:00,1746921600,22.4,62,3.17,0,6,5
Antalya,3,110.02,0.0,1.26,64.56,0.59,23.34,62.45,0.1,2025-05-11 01:00:00+00:00,1746925200,22.4,62,3.17,1,6,5
Antalya,3,111.27,0.0,1.26,63.94,0.58,24.25,62.69,0.24,2025-05-11 02:00:00+00:00,1746928800,22.4,62,3.17,2,6,5
Antalya,3,112.43,0.0,1.25,63.09,0.58,25.18,62.9,0.28,2025-05-11 03:00:00+00:00,1746932400,22.4,62,3.17,3,6,5
Antalya,3,113.63,0.01,1.32,62.27,0.58,26.04,63.28,0.32,2025-05-11 04:00:00+00:00,1746936000,22.4,62,3.17,4,6,5
Antalya,3,114.51,0.1,1.34,62.38,0.61,27.09,63.93,0.31,2025-05-11 05:00:00+00:00,1746939600,22.4,62,3.17,5,6,5
Antalya,3,114.85,0.21,1.25,64.04,0.68,28.33,64.97,0.22,2025-05-11 06:00:00+00:00,1746943200,22.4,62,3.17,6,6,5
Antalya,3,114.09,0.24,1.03,67.45,0.74,29.31,66.1,0.11,2025-05-11 07:00:00+00:00,1746946800,22.4,62,3.17,7,6,5
Antalya,3,113.21,0.2,0.81,71.16,0.75,29.95,66.54,0.05,2025-05-11 08:00:00+00:00,1746950400,22.4,62,3.17,8,6,5
Antalya,3,112.52,0.15,0.64,74.49,0.74,30.4,67.19,0.02,2025-05-11 09:00:00+00:00,1746954000,22.4,62,3.17,9,6,5
Antalya,3,111.5,0.13,0.55,77.4,0.72,30.61,68.24,0.01,2025-05-11 10:00:00+00:00,1746957600,22.4,62,3.17,10,6,5
Antalya,3,110.42,0.11,0.51,80.72,0.71,30.5,70.01,0.01,2025-05-11 11:00:00+00:00,1746961200,22.4,62,3.17,11,6,5
Antalya,3,109.62,0.11,0.51,84.73,0.75,30.07,72.59,0.01,2025-05-11 12:00:00+00:00,1746964800,22.4,62,3.17,12,6,5
Antalya,3,108.62,0.09,0.49,90.03,0.87,29.33,78.48,0.0,2025-05-11 13:00:00+00:00,1746968400,22.4,62,3.17,13,6,5
Antalya,3,107.61,0.08,0.55,95.0,1.16,29.02,80.56,0.0,2025-05-11 14:00:00+00:00,1746972000,22.4,62,3.17,14,6,5
Antalya,3,107.94,0.07,0.68,99.11,1.58,29.18,78.28,0.0,2025-05-11 15:00:00+00:00,1746975600,22.4,62,3.17,15,6,5
Antalya,3,110.22,0.04,0.85,103.05,1.98,27.92,69.52,0.0,2025-05-11 16:00:00+00:00,1746979200,22.4,62,3.17,16,6,5
Antalya,3,108.89,0.02,2.05,79.59,0.49,17.1,50.68,0.03,2025-05-09 17:00:00+00:00,1746810000,22.4,62,3.17,17,4,5
Antalya,3,108.8,0.0,2.07,77.9,0.53,17.36,52.58,0.04,2025-05-09 18:00:00+00:00,1746813600,22.4,62,3.17,18,4,5
Antalya,3,109.07,0.0,1.99,76.51,0.54,17.61,53.89,0.1,2025-05-09 19:00:00+00:00,1746817200,22.4,62,3.17,19,4,5
Antalya,3,109.61,0.0,1.95,75.03,0.56,17.73,54.74,0.22,2025-05-09 20:00:00+00:00,1746820800,22.4,62,3.17,20,4,5
Antalya,3,110.23,0.0,1.92,74.41,0.6,17.85,56.17,0.38,2025-05-09 21:00:00+00:00,1746824400,22.4,62,3.17,21,4,5
Antalya,3,110.41,0.0,1.79,74.49,0.59,18.05,58.23,0.44,2025-05-09 22:00:00+00:00,1746828000,22.4,62,3.17,22,4,5
Antalya,3,110.32,0.0,1.47,75.18,0.57,18.3,60.57,0.37,2025-05-09 23:00:00+00:00,1746831600,22.4,62,3.17,23,4,5
Antalya,3,110.41,0.0,1.19,76.27,0.55,18.53,62.47,0.32,2025-05-10 00:00:00+00:00,1746835200,22.4,62,3.17,0,5,5
Antalya,3,110.72,0.0,1.04,77.16,0.53,18.62,63.29,0.35,2025-05-10 01:00:00+00:00,1746838800,22.4,62,3.17,1,5,5
Antalya,3,111.43,0.0,0.96,76.93,0.5,18.64,62.7,0.39,2025-05-10 02:00:00+00:00,1746842400,22.4,62,3.17,2,5,5
Antalya,3,112.67,0.0,0.93,75.63,0.48,18.63,61.35,0.39,2025-05-10 03:00:00+00:00,1746846000,22.4,62,3.17,3,5,5
Antalya,3,115.0,0.0,1.05,73.24,0.45,18.79,59.65,0.42,2025-05-10 04:00:00+00:00,1746849600,22.4,62,3.17,4,5,5
Antalya,3,117.8,0.05,1.27,69.91,0.41,19.06,57.94,0.36,2025-05-10 05:00:00+00:00,1746853200,22.4,62,3.17,5,5,5
Antalya,3,119.96,0.18,1.38,67.81,0.38,19.48,56.96,0.26,2025-05-10 06:00:00+00:00,1746856800,22.4,62,3.17,6,5,5
Antalya,3,120.11,0.25,1.24,68.14,0.36,19.9,56.63,0.15,2025-05-10 07:00:00+00:00,1746860400,22.4,62,3.17,7,5,5
Antalya,3,119.12,0.21,0.97,70.62,0.36,20.37,57.36,0.08,2025-05-10 08:00:00+00:00,1746864000,22.4,62,3.17,8,5,5
Antalya,3,117.33,0.16,0.75,73.86,0.36,20.81,59.17,0.03,2025-05-10 09:00:00+00:00,1746867600,22.4,62,3.17,9,5,5
Antalya,3,114.48,0.13,0.6,76.83,0.37,20.84,61.93,0.0,2025-05-10 10:00:00+00:00,1746871200,22.4,62,3.17,10,5,5
Antalya,3,111.3,0.11,0.53,78.68,0.37,20.66,64.1,0.0,2025-05-10 11:00:00+00:00,1746874800,22.4,62,3.17,11,5,5
Antalya,3,108.58,0.1,0.5,79.67,0.37,20.6,65.86,0.0,2025-05-10 12:00:00+00:00,1746878400,22.4,62,3.17,12,5,5
Antalya,3,106.76,0.09,0.51,80.2,0.38,20.55,67.67,0.0,2025-05-10 13:00:00+00:00,1746882000,22.4,62,3.17,13,5,5
Antalya,3,105.3,0.07,0.64,78.2,0.38,20.29,66.9,0.0,2025-05-10 14:00:00+00:00,1746885600,22.4,62,3.17,14,5,5
Antalya,3,104.38,0.05,0.9,75.05,0.42,20.03,65.26,0.0,2025-05-10 15:00:00+00:00,1746889200,22.4,62,3.17,15,5,5
Antalya,3,104.34,0.02,1.2,72.33,0.48,20.02,64.17,0.0,2025-05-10 16:00:00+00:00,1746892800,22.4,62,3.17,16,5,5
Antalya,2,103.38,0.0,0.72,80.56,0.31,9.08,27.48,0.15,2025-05-08 17:00:00+00:00,1746723600,22.4,62,3.17,17,3,5
Antalya,2,103.24,0.0,0.73,78.74,0.33,9.26,27.06,0.14,2025-05-08 18:00:00+00:00,1746727200,22.4,62,3.17,18,3,5
Antalya,2,102.86,0.0,0.7,77.1,0.36,9.51,26.75,0.12,2025-05-08 19:00:00+00:00,1746730800,22.4,62,3.17,19,3,5
Antalya,2,102.96,0.0,0.72,75.39,0.4,9.85,26.51,0.11,2025-05-08 20:00:00+00:00,1746734400,22.4,62,3.17,20,3,5
Antalya,2,103.26,0.0,0.76,74.1,0.43,10.22,26.72,0.12,2025-05-08 21:00:00+00:00,1746738000,22.4,62,3.17,21,3,5
Antalya,2,103.38,0.0,0.77,73.3,0.47,10.62,27.31,0.13,2025-05-08 22:00:00+00:00,1746741600,22.4,62,3.17,22,3,5
Antalya,2,103.71,0.0,0.77,72.6,0.5,10.99,28.08,0.16,2025-05-08 23:00:00+00:00,1746745200,22.4,62,3.17,23,3,5
Antalya,2,104.29,0.0,0.78,72.24,0.53,11.29,29.1,0.2,2025-05-09 00:00:00+00:00,1746748800,22.4,62,3.17,0,4,5
Antalya,2,104.85,0.0,0.79,72.65,0.56,11.56,30.6,0.28,2025-05-09 01:00:00+00:00,1746752400,22.4,62,3.17,1,4,5
Antalya,2,105.7,0.0,0.79,72.61,0.57,11.82,32.34,0.35,2025-05-09 02:00:00+00:00,1746756000,22.4,62,3.17,2,4,5
Antalya,2,106.76,0.0,0.79,72.85,0.57,12.11,34.28,0.41,2025-05-09 03:00:00+00:00,1746759600,22.4,62,3.17,3,4,5
Antalya,2,108.03,0.0,0.87,73.32,0.56,12.39,36.24,0.47,2025-05-09 04:00:00+00:00,1746763200,22.4,62,3.17,4,4,5
Antalya,2,109.69,0.03,1.04,73.73,0.56,12.65,37.95,0.51,2025-05-09 05:00:00+00:00,1746766800,22.4,62,3.17,5,4,5
Antalya,2,111.26,0.09,1.16,75.17,0.57,12.94,39.97,0.54,2025-05-09 06:00:00+00:00,1746770400,22.4,62,3.17,6,4,5
Antalya,2,112.41,0.14,1.12,77.65,0.56,13.3,41.91,0.5,2025-05-09 07:00:00+00:00,1746774000,22.4,62,3.17,7,4,5
Antalya,2,112.53,0.14,0.88,79.62,0.51,13.76,42.82,0.41,2025-05-09 08:00:00+00:00,1746777600,22.4,62,3.17,8,4,5
Antalya,2,111.63,0.12,0.63,80.42,0.46,14.3,43.11,0.29,2025-05-09 09:00:00+00:00,1746781200,22.4,62,3.17,9,4,5
Antalya,2,110.15,0.1,0.47,80.11,0.43,14.81,43.34,0.19,2025-05-09 10:00:00+00:00,1746784800,22.4,62,3.17,10,4,5
Antalya,2,108.75,0.08,0.41,79.66,0.42,15.29,44.28,0.13,2025-05-09 11:00:00+00:00,1746788400,22.4,62,3.17,11,4,5
Antalya,2,107.52,0.08,0.39,79.45,0.42,15.82,45.94,0.09,2025-05-09 12:00:00+00:00,1746792000,22.4,62,3.17,12,4,5
Antalya,2,106.18,0.07,0.37,79.53,0.43,16.44,48.56,0.05,2025-05-09 13:00:00+00:00,1746795600,22.4,62,3.17,13,4,5
Antalya,3,105.6,0.07,0.44,79.33,0.43,17.11,50.33,0.03,2025-05-09 14:00:00+00:00,1746799200,22.4,62,3.17,14,4,5
Antalya,3,105.51,0.08,0.6,78.54,0.43,17.64,51.79,0.02,2025-05-09 15:00:00+00:00,1746802800,22.4,62,3.17,15,4,5
Antalya,3,105.74,0.05,0.85,77.56,0.45,17.96,52.98,0.02,2025-05-09 16:00:00+00:00,1746806400,22.4,62,3.17,16,4,5
Antalya,2,106.14,0.0,0.54,86.8,0.34,9.62,15.4,0.3,2025-05-07 17:00:00+00:00,1746637200,22.4,62,3.17,17,2,5
Antalya,2,106.15,0.0,0.55,86.13,0.38,9.81,16.32,0.28,2025-05-07 18:00:00+00:00,1746640800,22.4,62,3.17,18,2,5
Antalya,2,105.97,0.0,0.54,85.2,0.41,10.12,17.08,0.26,2025-05-07 19:00:00+00:00,1746644400,22.4,62,3.17,19,2,5
Antalya,2,106.11,0.0,0.55,83.93,0.4,10.5,17.53,0.23,2025-05-07 20:00:00+00:00,1746648000,22.4,62,3.17,20,2,5
Antalya,2,106.35,0.0,0.58,82.79,0.39,10.86,17.89,0.21,2025-05-07 21:00:00+00:00,1746651600,22.4,62,3.17,21,2,5
Antalya,2,106.34,0.0,0.59,81.33,0.38,11.22,18.24,0.18,2025-05-07 22:00:00+00:00,1746655200,22.4,62,3.17,22,2,5
Antalya,2,106.33,0.0,0.58,79.96,0.38,11.61,18.65,0.16,2025-05-07 23:00:00+00:00,1746658800,22.4,62,3.17,23,2,5
Antalya,2,106.29,0.0,0.56,78.76,0.38,11.99,19.08,0.14,2025-05-08 00:00:00+00:00,1746662400,22.4,62,3.17,0,3,5
Antalya,2,106.47,0.0,0.56,77.83,0.39,12.35,19.47,0.14,2025-05-08 01:00:00+00:00,1746666000,22.4,62,3.17,1,3,5
Antalya,2,106.61,0.0,0.58,76.33,0.39,12.75,19.86,0.17,2025-05-08 02:00:00+00:00,1746669600,22.4,62,3.17,2,3,5
Antalya,2,106.7,0.0,0.6,74.95,0.39,13.05,20.29,0.2,2025-05-08 03:00:00+00:00,1746673200,22.4,62,3.17,3,3,5
Antalya,2,106.76,0.0,0.66,73.92,0.4,13.08,20.71,0.25,2025-05-08 04:00:00+00:00,1746676800,22.4,62,3.17,4,3,5
Antalya,2,106.71,0.01,0.76,73.74,0.41,12.87,21.27,0.26,2025-05-08 05:00:00+00:00,1746680400,22.4,62,3.17,5,3,5
Antalya,2,106.86,0.04,0.81,74.6,0.45,12.51,22.25,0.24,2025-05-08 06:00:00+00:00,1746684000,22.4,62,3.17,6,3,5
Antalya,2,106.71,0.05,0.78,76.95,0.46,11.92,23.56,0.2,2025-05-08 07:00:00+00:00,1746687600,22.4,62,3.17,7,3,5
Antalya,2,106.19,0.07,0.64,79.09,0.42,11.3,24.33,0.16,2025-05-08 08:00:00+00:00,1746691200,22.4,62,3.17,8,3,5
Antalya,2,105.79,0.06,0.5,80.71,0.39,10.86,25.15,0.15,2025-05-08 09:00:00+00:00,1746694800,22.4,62,3.17,9,3,5
Antalya,2,105.21,0.06,0.39,81.92,0.36,10.49,26.06,0.14,2025-05-08 10:00:00+00:00,1746698400,22.4,62,3.17,10,3,5
Antalya,2,104.88,0.06,0.34,83.11,0.34,10.13,26.82,0.13,2025-05-08 11:00:00+00:00,1746702000,22.4,62,3.17,11,3,5
Antalya,2,104.45,0.06,0.33,83.96,0.32,9.82,27.44,0.14,2025-05-08 12:00:00+00:00,1746705600,22.4,62,3.17,12,3,5
Antalya,2,104.35,0.07,0.35,84.47,0.3,9.6,27.95,0.15,2025-05-08 13:00:00+00:00,1746709200,22.4,62,3.17,13,3,5
Antalya,2,103.77,0.07,0.4,83.93,0.29,9.4,28.12,0.15,2025-05-08 14:00:00+00:00,1746712800,22.4,62,3.17,14,3,5
Antalya,2,103.25,0.06,0.48,83.05,0.29,9.19,27.99,0.16,2025-05-08 15:00:00+00:00,1746716400,22.4,62,3.17,15,3,5
Antalya,2,103.43,0.03,0.6,82.15,0.3,9.06,27.87,0.16,2025-05-08 16:00:00+00:00,1746720000,22.4,62,3.17,16,3,5
